Fecha;Ultimo;Apertura;Maximo;Minimo;Volumen;Variacion
29.06.2017;99,45;97,2;99,8;95,05;34,60K;1,79%
28.06.2017;97,7;98;98;97;18,58K;0,00%
27.06.2017;97,7;97;99;96,45;50,38K;1,56%
26.06.2017;96,2;94,35;98;94,35;25,31K;2,12%
23.06.2017;94,2;91;94,4;91;26,40K;1,56%
22.06.2017;92,75;90;92,75;89,85;25,39K;2,49%
21.06.2017;90,5;88;90,5;86,5;137,80K;-2,69%
19.06.2017;93;90,25;94;90,25;51,17K;3,45%
16.06.2017;89,9;88;90;88;29,84K;1,07%
15.06.2017;88,95;87,9;89;87;16,72K;-0,06%
14.06.2017;89;89,95;89,95;87,85;35,66K;-1,11%
13.06.2017;90;88,2;90;87;24,68K;0,84%
12.06.2017;89,25;91,5;91,5;87,5;58,39K;-1,92%
09.06.2017;91;91,6;93,6;89;39,40K;-0,55%
08.06.2017;91,5;91,5;91,6;90;38,75K;0,55%
07.06.2017;91;91;91,6;89;33,40K;0,00%
06.06.2017;91;89;91;88;32,69K;0,00%
05.06.2017;91;93,6;93,6;90,9;32,10K;-2,83%
02.06.2017;93,65;91,75;94;91,75;45,90K;0,70%
01.06.2017;93;93,5;93,75;92;31,17K;0,00%
31.05.2017;93;93,1;93,5;92;35,62K;0,00%
30.05.2017;93;93;93;91,5;47,33K;0,54%
29.05.2017;92,5;92,5;93,5;92;75,40K;0,54%
26.05.2017;92;89;93;88,1;124,51K;3,43%
24.05.2017;88,95;88,2;89,85;88,2;30,47K;0,85%
23.05.2017;88,2;88,9;88,9;87;32,08K;-0,79%
22.05.2017;88,9;88,9;89;86,7;19,88K;0,00%
19.05.2017;88,9;88;89,6;87;39,27K;1,02%
18.05.2017;88;85,9;88;82,7;73,07K;0,51%
17.05.2017;87,55;85,4;87,95;85,35;56,89K;3,00%
16.05.2017;85;83,5;85;82,7;26,88K;1,80%
15.05.2017;83,5;83,7;84;83,2;32,29K;-0,12%
12.05.2017;83,6;82;84,25;81,75;45,71K;1,95%
11.05.2017;82;84,8;85,9;81;56,05K;-3,19%
10.05.2017;84,7;87;87,5;84,1;39,44K;-1,63%
09.05.2017;86,1;86,65;86,65;85;18,22K;-0,69%
08.05.2017;86,7;88,8;89,45;84;50,21K;-2,47%
05.05.2017;88,9;88;91,4;87,9;75,55K;1,37%
04.05.2017;87,7;84;87,7;83,9;61,52K;4,65%
03.05.2017;83,8;81,85;84,4;80,5;108,77K;2,32%
02.05.2017;81,9;80,85;81,9;78,55;50,79K;-0,43%
28.04.2017;82,25;81;82,45;79,05;37,94K;1,54%
27.04.2017;81;80;81,5;78,6;82,70K;0,62%
26.04.2017;80,5;81,95;82;79,8;128,77K;-1,59%
25.04.2017;81,8;81,5;83;80,5;136,93K;0,37%
24.04.2017;81,5;82;83,1;81;65,23K;0,37%
21.04.2017;81,2;82,7;83,5;80,8;31,43K;-1,75%
20.04.2017;82,65;84,25;84,5;82,1;14,17K;-1,61%
19.04.2017;84;85;86;83,75;33,14K;-0,53%
18.04.2017;84,45;82,7;84,45;82,7;94,94K;2,12%
17.04.2017;82,7;81,4;85;81,4;44,12K;1,72%
12.04.2017;81,3;80,8;82,35;79,8;29,48K;0,68%
11.04.2017;80,75;79,6;80,75;78,8;55,28K;1,64%
10.04.2017;79,45;79;80,5;78,4;46,26K;-1,43%
07.04.2017;80,6;82;82,95;79;61,39K;-1,35%
06.04.2017;81,7;84;84;80,5;47,69K;-2,62%
05.04.2017;83,9;87;87,6;83,05;69,04K;-3,01%
04.04.2017;86,5;84,5;86,5;82,5;152,48K;2,37%
03.04.2017;84,5;84,4;84,5;80;161,31K;0,12%
31.03.2017;84,4;83;84,5;82,9;209,47K;1,69%
30.03.2017;83;80,7;83;79;195,87K;2,98%
29.03.2017;80,6;80,5;81,9;79,3;191,21K;0,88%
28.03.2017;79,9;75;80;75;400,80K;7,97%
27.03.2017;74;70;74,25;70;118,54K;6,25%
23.03.2017;69,65;69,5;69,75;68,5;46,33K;0,00%
22.03.2017;69,65;69;69,75;69;32,14K;-1,07%
21.03.2017;70,4;70,45;70,45;69,5;22,33K;-0,07%
20.03.2017;70,45;70,4;70,45;70;13,12K;0,07%
17.03.2017;70,4;70,6;70,6;69,5;23,35K;1,00%
16.03.2017;69,7;69;69,75;68,5;39,18K;1,31%
15.03.2017;68,8;69,5;69,5;68,2;23,01K;-0,22%
14.03.2017;68,95;71;71,3;68,2;164,09K;-2,89%
13.03.2017;71;72,15;72,9;70,6;47,55K;-0,63%
10.03.2017;71,45;69,3;71,9;69,3;55,91K;3,03%
09.03.2017;69,35;70,2;70,5;68,8;20,67K;-1,21%
08.03.2017;70,2;71,7;71,7;69;29,95K;-1,82%
07.03.2017;71,5;72;72;70,55;72,88K;2,14%
06.03.2017;70;67,5;70;67,5;108,55K;4,63%
03.03.2017;66,9;64,05;66,9;64,05;29,12K;2,22%
02.03.2017;65,45;67;68;65;32,48K;-1,58%
01.03.2017;66,5;66,85;68;66,5;26,92K;-0,60%
24.02.2017;66,9;67,8;67,8;65,5;21,42K;-1,25%
23.02.2017;67,75;69,55;70;66,7;22,86K;-2,52%
22.02.2017;69,5;69,9;69,9;68,1;33,00K;-0,43%
21.02.2017;69,8;70;70,9;68,5;22,06K;0,00%
20.02.2017;69,8;71,8;71,8;69,7;30,60K;-0,85%
17.02.2017;70,4;71;71;69,5;18,62K;-0,78%
16.02.2017;70,95;72,4;72,4;68,5;46,07K;-1,05%
15.02.2017;71,7;72,4;73,45;71,3;61,95K;0,00%
14.02.2017;71,7;70;71,9;69,5;137,84K;5,44%
13.02.2017;68;65,5;68,2;64,3;64,66K;2,26%
10.02.2017;66,5;67,8;67,8;66,15;26,74K;-1,92%
09.02.2017;67,8;68,7;69,2;67,7;30,16K;-1,24%
08.02.2017;68,65;68,5;69;67,55;75,90K;1,78%
07.02.2017;67,45;65,75;67,45;65,75;65,87K;2,27%
06.02.2017;65,95;65,5;66;65;29,36K;1,46%
03.02.2017;65;66;67;64,6;21,34K;-1,07%
02.02.2017;65,7;67;67;65,1;15,86K;-1,50%
01.02.2017;66,7;67,9;67,9;65;43,85K;-0,15%
31.01.2017;66,8;66,55;69,5;66,1;105,29K;2,85%
30.01.2017;64,95;63;65,75;62,7;184,45K;5,18%
27.01.2017;61,75;62,5;62,5;61,7;23,65K;-0,40%
26.01.2017;62;62;62,9;61,5;52,56K;1,81%
25.01.2017;60,9;62,4;63;60,9;39,10K;-2,25%
24.01.2017;62,3;63;63;61,6;37,44K;-1,03%
23.01.2017;62,95;63;63;61,1;46,52K;-0,08%
20.01.2017;63;61;63,45;60,2;21,36K;2,94%
19.01.2017;61,2;63,9;63,9;59,3;29,01K;-2,08%
18.01.2017;62,5;63,5;63,5;61,9;18,66K;-1,11%
17.01.2017;63,2;63,35;65;62,9;33,08K;-1,79%
16.01.2017;64,35;63,95;66;63,4;30,05K;1,58%
13.01.2017;63,35;62;63,35;62;18,58K;2,26%
12.01.2017;61,95;63;64;61,8;24,00K;-0,88%
11.01.2017;62,5;65;65;62,1;59,02K;-3,85%
10.01.2017;65;66,9;67,5;64,5;71,24K;-1,81%
09.01.2017;66,2;63,5;67,05;63,5;66,89K;4,09%
06.01.2017;63,6;64,55;65;63;32,40K;-0,47%
05.01.2017;63,9;67;67;63,5;90,06K;-3,91%
04.01.2017;66,5;64;68;63;174,27K;7,26%
03.01.2017;62;58,5;62;58,5;160,67K;9,93%
02.01.2017;56,4;52,5;56,9;52;81,46K;8,99%
29.12.2016;51,75;51,5;51,75;50,6;9,05K;0,49%
28.12.2016;51,5;52;52,4;51,2;17,05K;0,19%
27.12.2016;51,4;52;52,5;51;22,37K;-1,15%
26.12.2016;52;53,95;53,95;51,5;22,25K;-1,89%
23.12.2016;53;53,8;54;52,5;17,33K;-0,84%
22.12.2016;53,45;52;53,5;51;36,34K;3,79%
21.12.2016;51,5;50,5;51,5;49;37,07K;3,52%
20.12.2016;49,75;52;52;48,5;27,38K;-0,10%
19.12.2016;49,8;53,15;53,15;49,5;28,23K;-4,69%
16.12.2016;52,25;53,5;53,5;51,8;23,13K;-0,48%
15.12.2016;52,5;53,55;53,55;51,95;30,97K;-0,47%
14.12.2016;52,75;53,5;53,7;52;39,03K;-0,47%
13.12.2016;53;53,75;53,75;51;70,28K;4,95%
12.12.2016;50,5;50;51;49,5;6,62K;1,00%
07.12.2016;50;50,9;51;49,35;20,02K;-1,77%
06.12.2016;50,9;52;52;50,8;11,91K;-1,93%
05.12.2016;51,9;52;53,7;51,5;11,79K;0,19%
02.12.2016;51,8;52,5;52,6;51;9,79K;-1,33%
01.12.2016;52,5;54;54,25;52;23,03K;-1,78%
30.11.2016;53,45;53;54;53;35,77K;0,94%
29.11.2016;52,95;52,9;53,4;52,6;23,83K;1,44%
25.11.2016;52,2;52,15;53;52;7,43K;0,00%
24.11.2016;52,2;52;52,5;51,5;23,48K;-0,19%
23.11.2016;52,3;54,25;54,25;52,05;42,16K;-3,59%
22.11.2016;54,25;54;55,1;53;62,27K;0,84%
21.11.2016;53,8;52,2;53,95;52,2;46,47K;3,36%
18.11.2016;52,05;52,45;52,8;51,8;33,46K;-0,19%
17.11.2016;52,15;53,55;54,5;51,5;111,55K;-0,19%
16.11.2016;52,25;48,4;52,25;48,1;183,86K;8,85%
15.11.2016;48;43,5;48;43,5;68,13K;9,59%
14.11.2016;43,8;46;46;42,75;83,94K;-5,50%
11.11.2016;46,35;47,6;47,6;45,25;46,21K;-2,42%
10.11.2016;47,5;48,95;50,5;46,9;63,13K;-2,76%
09.11.2016;48,85;44,95;49;42,9;108,91K;4,60%
08.11.2016;46,7;46,7;47;45,6;79,31K;0,21%
07.11.2016;46,6;44;46,6;44;159,25K;9,65%
04.11.2016;42,5;42,1;43;42;7,59K;0,71%
03.11.2016;42,2;43;43;42;15,44K;0,48%
02.11.2016;42;42;42;40,05;17,93K;-2,21%
01.11.2016;42,95;44,2;44,2;42,5;6,33K;-2,83%
31.10.2016;44,2;44,95;44,95;43,2;11,65K;-0,45%
28.10.2016;44,4;44,8;44,8;44,15;6,87K;-0,56%
27.10.2016;44,65;44,6;44,95;44;16,10K;0,11%
26.10.2016;44,6;45;45,1;44,5;13,71K;-0,89%
25.10.2016;45;45;45;44,4;20,78K;0,00%
24.10.2016;45;44,9;45;44;28,28K;-0,44%
21.10.2016;45,2;45,7;46;44,95;25,29K;-0,99%
20.10.2016;45,65;46,7;46,7;44,95;9,29K;-2,25%
19.10.2016;46,7;46,5;47;45,6;18,35K;1,08%
18.10.2016;46,2;46,5;47;45,05;8,88K;-0,65%
17.10.2016;46,5;46,7;46,7;46;14,92K;0,00%
14.10.2016;46,5;45;46,5;45;25,28K;1,31%
13.10.2016;45,9;45,35;45,9;45,2;11,44K;1,10%
12.10.2016;45,4;45,85;45,85;45,05;9,91K;-0,66%
11.10.2016;45,7;42;45,95;42;8,37K;0,11%
07.10.2016;45,65;45,1;46,6;45;7,08K;1,22%
06.10.2016;45,1;45,5;46;45,1;7,69K;-0,88%
05.10.2016;45,5;45;45,7;45;10,29K;1,11%
04.10.2016;45;45;45;44;10,06K;0,00%
03.10.2016;45;44,55;45;43,5;33,19K;0,45%
30.09.2016;44,8;45,8;45,8;44,65;28,32K;-2,40%
29.09.2016;45,9;47;47;45;43,22K;-2,75%
28.09.2016;47,2;46,75;47,8;46,5;111,49K;1,07%
27.09.2016;46,7;44,5;47;43,9;80,00K;6,14%
26.09.2016;44;41,85;45;41,5;44,12K;4,89%
23.09.2016;41,95;42,4;42,7;41,3;24,94K;-0,36%
22.09.2016;42,1;41,9;42,25;41,7;45,56K;0,96%
21.09.2016;41,7;40,5;41,7;40,45;62,26K;3,09%
20.09.2016;40,45;40,2;40,7;39,9;81,65K;1,25%
19.09.2016;39,95;38,4;39,95;38,4;62,31K;5,27%
16.09.2016;37,95;37,85;38,1;37;10,71K;0,26%
15.09.2016;37,85;37,8;38,15;37,2;16,31K;0,13%
14.09.2016;37,8;37,2;38,35;37,2;35,59K;1,61%
13.09.2016;37,2;37,85;37,85;36,6;42,47K;-0,67%
12.09.2016;37,45;37,4;37,7;36,4;45,81K;0,27%
09.09.2016;37,35;37,3;37,45;36,6;56,09K;0,67%
08.09.2016;37,1;37,1;37,7;37;32,01K;-0,13%
07.09.2016;37,15;37,1;37,35;36,45;21,07K;0,41%
06.09.2016;37;35,7;37,8;35,7;106,96K;2,78%
05.09.2016;36;36,25;36,25;35,3;7,85K;0,00%
02.09.2016;36;35,95;36;35,5;19,19K;1,41%
01.09.2016;35,5;36;36,15;35,2;14,42K;-1,39%
31.08.2016;36;36,25;36,25;35,6;10,58K;-0,41%
30.08.2016;36,15;35,5;36,45;35,5;35,29K;2,84%
29.08.2016;35,15;35,7;35,7;34,5;13,89K;-0,42%
26.08.2016;35,3;36,3;36,3;35,3;6,70K;-2,49%
25.08.2016;36,2;36,9;36,9;35,05;13,52K;-1,09%
24.08.2016;36,6;36,5;36,75;35,75;13,81K;0,97%
23.08.2016;36,25;35,3;36,25;35,25;30,28K;2,84%
22.08.2016;35,25;34,8;35,25;34,8;12,87K;1,29%
19.08.2016;34,8;34,65;35;34,3;23,50K;-0,57%
18.08.2016;35;35;35;34;20,12K;-1,41%
17.08.2016;35,5;35,5;35,5;34,5;14,01K;0,00%
16.08.2016;35,5;36;36,65;35;38,09K;-1,80%
12.08.2016;36,15;36,6;36,6;35,7;7,03K;2,12%
11.08.2016;35,4;36,5;37;35,4;18,43K;-2,34%
10.08.2016;36,25;37,8;38;35,7;20,20K;-4,23%
09.08.2016;37,85;37,95;37,95;37,6;5,61K;0,26%
08.08.2016;37,75;38;38;37,4;9,43K;-0,53%
05.08.2016;37,95;39;39;37,7;11,00K;-1,68%
04.08.2016;38,6;38,5;38,65;38,3;21,58K;0,39%
03.08.2016;38,45;37,5;38,45;37,5;7,03K;1,18%
02.08.2016;38;38,5;38,5;37,55;11,51K;-2,56%
01.08.2016;39;39;39;38,4;5,92K;0,00%
29.07.2016;39;39,5;39,9;38,9;9,92K;-1,27%
28.07.2016;39,5;39,5;39,75;39,25;14,78K;-0,50%
27.07.2016;39,7;40;40;39;19,31K;-0,13%
26.07.2016;39,75;39,95;41,2;39,5;43,99K;0,63%
25.07.2016;39,5;38,35;39,6;38,3;47,05K;3,00%
22.07.2016;38,35;38,5;38,5;37,6;18,43K;-0,13%
21.07.2016;38,4;38,7;38,7;38;15,76K;1,45%
20.07.2016;37,85;37,8;38;37,4;36,94K;1,20%
19.07.2016;37,4;37,9;39;36,8;43,27K;-0,93%
18.07.2016;37,75;37,1;37,75;36,5;53,97K;3,00%
15.07.2016;36,65;38;38,85;36,15;72,95K;3,68%
14.07.2016;35,35;35,7;35,7;35;26,25K;1,73%
13.07.2016;34,75;35,1;35,1;33,5;16,25K;-1,00%
12.07.2016;35,1;35,95;35,95;35,1;42,13K;-2,36%
11.07.2016;35,95;36;36,45;35;93,32K;2,71%
07.07.2016;35;33;35;32,75;130,60K;6,22%
06.07.2016;32,95;32;32,95;31,5;89,00K;-0,15%
05.07.2016;33;32,8;35,7;32,5;133,90K;-1,49%
04.07.2016;33,5;30;33,5;30;175,45K;12,42%
01.07.2016;29,8;28;29,8;28;58,08K;7,19%
30.06.2016;27,8;28,45;28,45;27,55;45,24K;-1,94%
29.06.2016;28,35;26,45;28,35;26,3;34,75K;6,18%
28.06.2016;26,7;26,8;26,8;26,35;12,83K;-0,37%
27.06.2016;26,8;26,8;26,8;26,7;1,32K;-2,55%
24.06.2016;27,5;27,5;27,5;26;30,15K;2,23%
23.06.2016;26,9;27,1;27,1;26,4;17,24K;-0,74%
22.06.2016;27,1;26,95;27,15;26,5;4,55K;0,56%
21.06.2016;26,95;26,9;27,2;26,5;18,20K;-1,10%
16.06.2016;27,25;27;27,25;26,9;2,57K;-0,91%
15.06.2016;27,5;28,5;28,5;27,2;6,58K;-3,51%
14.06.2016;28,5;27,95;28,5;27;8,93K;0,00%
13.06.2016;28,5;27,3;28,5;27,15;10,44K;0,00%
10.06.2016;28,5;28;28,5;28;1,02K;0,35%
09.06.2016;28,4;28,2;28,4;27,9;5,74K;0,00%
08.06.2016;28,4;28,55;28,55;28;6,20K;-0,70%
07.06.2016;28,6;28,4;28,9;28;11,88K;-1,04%
06.06.2016;28,9;29;29;28,5;7,09K;-0,34%
03.06.2016;29;28,85;29;28,5;1,05K;0,52%
02.06.2016;28,85;28,85;29;28;10,56K;-0,52%
01.06.2016;29;29,3;29,3;29;0,87K;0,00%
31.05.2016;29;28,9;29;28,5;4,70K;0,00%
30.05.2016;29;28,5;29;28,5;12,72K;0,00%
27.05.2016;29;29;29,25;29;1,56K;-3,01%
26.05.2016;29,9;29;29,9;28,3;24,01K;1,87%
24.05.2016;29,35;29,3;29,5;28,4;14,04K;2,98%
23.05.2016;28,5;29,3;29,3;28,2;7,41K;-2,73%
20.05.2016;29,3;29,1;29,35;28,8;15,77K;-1,68%
19.05.2016;29,8;29,9;29,9;29,2;8,99K;-0,50%
18.05.2016;29,95;30;30;28,8;11,92K;0,50%
17.05.2016;29,8;29,1;30;29;22,13K;2,76%
16.05.2016;29;30,25;30,25;28,4;10,84K;-2,85%
13.05.2016;29,85;29,5;29,85;29;4,25K;0,00%
12.05.2016;29,85;30,45;30,5;29,85;2,85K;-1,97%
11.05.2016;30,45;30,45;30,45;30,45;0,30K;0,83%
10.05.2016;30,2;30,5;30,9;30,2;3,30K;0,00%
09.05.2016;30,2;30;31;30;12,79K;0,83%
06.05.2016;29,95;30,6;31;29,3;22,36K;-1,96%
05.05.2016;30,55;30;31,3;30;10,46K;0,16%
04.05.2016;30,5;29;31,45;29;2,01K;3,74%
03.05.2016;29,4;30;30;28,6;1,92K;-2,00%
02.05.2016;30;30;30;29,5;2,43K;-1,64%
29.04.2016;30,5;30,7;31;30;9,67K;-1,61%
28.04.2016;31;31,1;31,1;30,5;2,64K;-0,32%
27.04.2016;31,1;31,75;31,75;29;10,44K;-2,81%
26.04.2016;32;29,2;32;29,1;18,84K;9,59%
25.04.2016;29,2;28,45;29,2;28;9,69K;1,57%
22.04.2016;28,75;29,15;29,15;28,5;2,23K;-0,69%
21.04.2016;28,95;29,5;29,5;28;9,38K;-0,17%
20.04.2016;29;29;30;28,5;5,67K;1,75%
19.04.2016;28,5;27,5;28,75;27,45;1,66K;5,56%
18.04.2016;27;26,8;27,25;26,8;6,23K;0,75%
15.04.2016;26,8;26;26,8;26;6,81K;0,56%
14.04.2016;26,65;25,7;26,65;25,7;11,48K;1,33%
13.04.2016;26,3;26;26,5;25,05;20,09K;1,15%
12.04.2016;26;27,2;27,2;26;5,85K;-2,80%
11.04.2016;26,75;28;28;26;12,89K;-4,46%
08.04.2016;28;28;29,45;27,5;10,76K;1,08%
07.04.2016;27,7;28,9;28,9;26,2;19,79K;-4,81%
06.04.2016;29,1;30;33,9;27,6;103,81K;0,00%
05.04.2016;29,1;25,9;29,9;25,9;26,52K;11,92%
04.04.2016;26;25,9;26;25,7;7,28K;0,39%
01.04.2016;25,9;26;26;25,3;18,99K;0,39%
31.03.2016;25,8;25;25,8;24,9;8,92K;3,20%
30.03.2016;25;25;25,8;25;13,90K;-1,96%
29.03.2016;25,5;25,7;25,7;25;11,78K;-1,35%
28.03.2016;25,85;25,5;26;25;10,35K;1,37%
23.03.2016;25,5;26;26;25;12,62K;0,00%
22.03.2016;25,5;25;25,5;24,7;11,45K;2,62%
21.03.2016;24,85;23,8;24,85;23,5;9,76K;3,11%
18.03.2016;24,1;24,8;24,8;23,55;5,37K;2,55%
17.03.2016;23,5;26,35;27,4;23,3;56,51K;-8,91%
16.03.2016;25,8;22,5;28,1;22,4;92,66K;14,67%
15.03.2016;22,5;21;22,5;20;32,86K;7,14%
14.03.2016;21;20;21;20;8,82K;5,53%
11.03.2016;19,9;19,3;20;19,3;3,52K;3,11%
10.03.2016;19,3;19,05;19,3;19;5,43K;1,58%
09.03.2016;19;19,35;19,35;19;38,32K;-2,56%
08.03.2016;19,5;18,9;19,5;18,9;6,71K;3,17%
07.03.2016;18,9;18,6;18,9;18,6;0,16K;1,61%
04.03.2016;18,6;18,8;18,8;18,6;0,31K;-3,13%
03.03.2016;19,2;19,2;19,2;19,2;0,47K;-0,78%
02.03.2016;19,35;19,3;19,4;18,95;7,47K;1,31%
01.03.2016;19,1;19,25;19,25;19,1;2,34K;-0,78%
29.02.2016;19,25;18,8;19,25;18,7;1,27K;1,58%
26.02.2016;18,95;18,8;18,95;18,8;1,60K;0,80%
25.02.2016;18,8;18,75;18,8;18,3;12,40K;0,27%
24.02.2016;18,75;18,3;18,75;18,3;19,96K;0,54%
23.02.2016;18,65;18,5;18,65;18,5;22,76K;0,00%
22.02.2016;18,65;18,7;18,7;18,45;12,19K;0,27%
19.02.2016;18,6;18,2;18,6;18,2;1,58K;-0,53%
18.02.2016;18,7;18,4;18,7;18,4;6,49K;0,54%
17.02.2016;18,6;18;18,95;17,9;56,90K;0,81%
16.02.2016;18,45;18,55;18,6;18;32,09K;-0,54%
15.02.2016;18,55;18,55;18,55;18,55;0,27K;0,27%
12.02.2016;18,5;18,7;18,75;18,4;3,23K;-1,33%
11.02.2016;18,75;18,45;18,75;18,2;8,63K;-0,79%
10.02.2016;18,9;18,6;18,9;18,2;4,08K;2,16%
05.02.2016;18,5;18,9;18,9;18,5;4,61K;-2,37%
04.02.2016;18,95;18,95;18,95;18,95;0,12K;1,61%
03.02.2016;18,65;19;19,3;18,65;1,07K;2,19%
02.02.2016;18,25;19;19;18,25;2,00K;0,00%
01.02.2016;18,25;18,55;18,55;18,25;3,92K;-2,93%
29.01.2016;18,8;18,85;18,9;18,6;5,20K;0,00%
28.01.2016;18,8;18,8;18,8;18,5;4,73K;-0,53%
27.01.2016;18,9;18,25;19,4;18,25;14,85K;3,56%
26.01.2016;18,25;16,5;18,25;16,5;6,85K;7,99%
25.01.2016;16,9;16,9;16,9;16;2,00K;-2,03%
22.01.2016;17,25;15,9;17,25;15,9;3,76K;8,83%
21.01.2016;15,85;15;15,85;15;3,34K;2,26%
20.01.2016;15,5;15,8;15,8;15,5;1,85K;-1,27%
19.01.2016;15,7;15,25;15,7;15,25;12,20K;1,29%
18.01.2016;15,5;15;15,6;14,9;11,95K;-1,90%
15.01.2016;15,8;15,8;15,8;15,5;39,18K;-1,86%
14.01.2016;16,1;16,1;16,4;16,1;2,78K;-4,45%
13.01.2016;16,85;17,8;17,8;16;7,82K;-3,71%
12.01.2016;17,5;17;17,5;17;1,45K;-1,69%
11.01.2016;17,8;17,8;17,8;17,8;0,56K;-1,11%
08.01.2016;18;17,8;18;17,8;2,06K;0,00%
06.01.2016;18;17,5;18;17,4;0,85K;4,05%
05.01.2016;17,3;18;18;17,15;2,12K;-3,89%
04.01.2016;18;18;18;18;0,18K;0,00%
30.12.2015;18;17,9;18;17,9;8,65K;0,00%
28.12.2015;18;17,85;18;17,4;2,27K;1,12%
23.12.2015;17,8;18,15;18,15;17,2;34,91K;-1,93%
22.12.2015;18,15;17,75;18,15;17,2;21,97K;1,97%
21.12.2015;17,8;18,25;18,25;16,5;26,77K;-2,20%
18.12.2015;18,2;18,15;18,4;18,15;10,71K;-1,36%
17.12.2015;18,45;18,2;18,5;18,2;24,24K;1,65%
16.12.2015;18,15;18,5;18,5;17,5;29,57K;-1,89%
15.12.2015;18,5;18,35;18,6;18,1;53,34K;1,09%
14.12.2015;18,3;19;19;18;41,34K;-2,66%
11.12.2015;18,8;18;19;18;20,84K;2,73%
10.12.2015;18,3;17,9;18,35;17,3;17,97K;0,00%
09.12.2015;18,3;17,85;18,3;17,6;6,78K;3,98%
04.12.2015;17,6;17,6;17,6;17;3,62K;0,00%
03.12.2015;17,6;17,9;17,95;17,5;2,89K;-1,12%
02.12.2015;17,8;16,9;17,8;16,65;10,12K;5,95%
01.12.2015;16,8;16,4;16,85;16,3;3,39K;-0,59%
30.11.2015;16,9;16,4;16,9;16,2;6,26K;1,81%
26.11.2015;16,6;16,5;16,7;16;3,61K;0,00%
25.11.2015;16,6;17;17;16;16,86K;-2,35%
24.11.2015;17;17;17;17;0,22K;0,59%
23.11.2015;16,9;17,2;17,95;16,9;18,20K;0,00%
20.11.2015;16,9;16,2;17;16,1;16,59K;6,29%
19.11.2015;15,9;15,5;16,4;15,5;10,34K;2,58%
18.11.2015;15,5;15,45;15,55;15;2,79K;1,31%
17.11.2015;15,3;14,7;15,3;14,4;5,40K;4,08%
16.11.2015;14,7;14,7;14,7;14,3;9,68K;0,00%
13.11.2015;14,7;15;15;14,3;3,06K;0,68%
12.11.2015;14,6;14,6;14,6;14,4;8,67K;0,69%
11.11.2015;14,5;14,8;14,8;14,5;1,04K;0,69%
10.11.2015;14,4;14,5;15;14,4;6,07K;1,41%
09.11.2015;14,2;13,75;14,2;13,75;2,62K;2,16%
05.11.2015;13,9;14,1;14,15;13,5;6,59K;-0,71%
04.11.2015;14;14;14;14;1,45K;1,45%
03.11.2015;13,8;13,6;13,8;13,6;1,64K;2,99%
02.11.2015;13,4;13,3;13,4;13,25;1,74K;1,52%
30.10.2015;13,2;13,15;13,2;13,15;0,90K;0,00%
29.10.2015;13,2;13,2;13,2;13,2;0,70K;0,00%
28.10.2015;13,2;12,9;13,2;12,9;8,03K;5,60%
27.10.2015;12,5;12,5;12,5;12,45;3,75K;-2,34%
26.10.2015;12,8;13;13;11,5;5,32K;3,23%
23.10.2015;12,4;12,35;12,4;12,35;3,74K;0,40%
22.10.2015;12,35;12,15;12,5;12,15;3,18K;1,65%
21.10.2015;12,15;12,15;12,15;12,15;-;0,00%
20.10.2015;12,15;12,05;12,15;12,05;14,28K;-0,41%
19.10.2015;12,2;12;12,2;12;2,58K;1,67%
16.10.2015;12;11,5;12;11,5;1,09K;0,00%
15.10.2015;12;12;12;12;2,00K;0,00%
14.10.2015;12;11,25;12;11,25;49,81K;9,09%
13.10.2015;11;11;11,4;11;1,69K;-4,35%
09.10.2015;11,5;11,5;11,5;11,5;1,70K;-0,86%
08.10.2015;11,6;11;11,6;11;2,42K;-1,69%
07.10.2015;11,8;11,5;11,8;11,5;0,20K;2,61%
06.10.2015;11,5;11,5;11,5;11,5;1,15K;-0,86%
05.10.2015;11,6;11,6;11,6;11,6;0,85K;0,00%
02.10.2015;11,6;11,7;11,7;11,6;0,95K;0,87%
01.10.2015;11,5;11,3;11,5;11,3;0,43K;1,77%
30.09.2015;11,3;11;11,3;11;2,35K;2,73%
29.09.2015;11;10,7;11;10,7;2,53K;2,80%
28.09.2015;10,7;10,65;10,7;10,65;0,86K;1,42%
25.09.2015;10,55;9,89;10,6;9,89;16,43K;5,50%
24.09.2015;10;10;10;10;2,70K;3,09%
23.09.2015;9,7;9,3;9,7;9,2;2,30K;-0,51%
21.09.2015;9,75;9,4;9,75;9,4;2,27K;2,63%
18.09.2015;9,5;9,5;9,5;9,5;-;-2,06%
16.09.2015;9,7;9,5;9,7;9,5;1,62K;-1,02%
15.09.2015;9,8;9,8;9,8;9,8;0,30K;2,08%
14.09.2015;9,6;9,6;9,6;9,6;0,40K;-2,93%
11.09.2015;9,89;9,6;9,89;9,6;2,12K;0,00%
10.09.2015;9,89;9,7;9,89;9,7;0,31K;0,00%
09.09.2015;9,89;9,7;9,89;9,7;0,65K;-0,10%
08.09.2015;9,9;9,8;9,9;9,8;1,90K;1,54%
07.09.2015;9,75;9,8;9,8;9,75;4,40K;-0,51%
04.09.2015;9,8;9,7;9,8;9,7;1,98K;-1,01%
02.09.2015;9,9;9,9;9,9;9,9;0,40K;0,00%
01.09.2015;9,9;10;10;9,9;0,75K;0,00%
31.08.2015;9,9;9,85;9,9;9,85;61,55K;0,00%
28.08.2015;9,9;9,8;9,9;9,8;17,02K;0,51%
27.08.2015;9,85;9,85;9,9;9,85;18,42K;0,00%
26.08.2015;9,85;9,7;9,85;9,7;18,27K;1,55%
25.08.2015;9,7;9,51;9,7;9,51;1,55K;0,00%
24.08.2015;9,7;9,7;9,7;9,7;4,39K;-1,02%
21.08.2015;9,8;9,8;9,8;9,8;5,00K;-2,00%
20.08.2015;10;9,9;10;9,8;13,71K;1,52%
19.08.2015;9,85;9,9;9,9;9,85;20,27K;-1,50%
18.08.2015;10;10;10;10;21,27K;0,00%
14.08.2015;10;9,95;10;9,95;28,03K;0,50%
13.08.2015;9,95;9,98;10;9,9;33,26K;0,51%
12.08.2015;9,9;9,66;9,9;9,65;25,48K;0,61%
11.08.2015;9,84;10;10;9,75;7,32K;-4,47%
07.08.2015;10,3;9,8;10,3;9,79;30,25K;5,10%
06.08.2015;9,8;9,78;9,8;9,78;5,96K;0,72%
05.08.2015;9,73;9,5;9,73;9,5;2,61K;-0,21%
03.08.2015;9,75;9,75;9,75;9,32;5,30K;-0,51%
30.07.2015;9,8;9,8;9,8;9,8;0,20K;0,00%
22.07.2015;9,8;9,8;9,8;9,8;2,04K;0,00%
20.07.2015;9,8;9,6;9,8;9,6;1,76K;0,00%
17.07.2015;9,8;9,8;9,8;9,8;0,20K;-1,01%
16.07.2015;9,9;9,93;10;9,6;37,23K;0,00%
15.07.2015;9,9;9,9;9,9;9,9;0,25K;0,51%
14.07.2015;9,85;9,56;9,85;9,55;23,85K;3,14%
13.07.2015;9,55;9,3;9,55;9,3;22,21K;2,14%
10.07.2015;9,35;9,2;9,45;9;30,83K;1,63%
08.07.2015;9,2;9,2;9,2;9,2;2,01K;0,88%
07.07.2015;9,12;9,12;9,12;9,12;0,16K;-0,33%
06.07.2015;9,15;9,15;9,15;9,15;4,60K;-2,14%
02.07.2015;9,35;9;9,35;9;6,80K;-0,43%
01.07.2015;9,39;9,39;9,39;9,39;0,15K;3,19%
30.06.2015;9,1;9,1;9,1;9,1;-;-3,09%
26.06.2015;9,39;9,2;9,39;9,2;3,50K;2,07%
25.06.2015;9,2;9,05;9,2;9,05;1,70K;0,00%
24.06.2015;9,2;9,1;9,2;9;0,75K;2,22%
23.06.2015;9;9;9;9;0,30K;0,56%
22.06.2015;8,95;8,85;8,95;8,85;3,44K;1,13%
19.06.2015;8,85;8,85;8,85;8,85;0,44K;2,91%
18.06.2015;8,6;8,65;8,65;8,6;2,44K;-7,03%
17.06.2015;9,25;8,5;9,25;8,5;5,78K;0,00%
16.06.2015;9,25;9,1;9,25;9,08;2,28K;1,65%
15.06.2015;9,1;9;9,1;9;3,83K;1,11%
12.06.2015;9;9;9;9;0,15K;1,69%
10.06.2015;8,85;8,7;8,85;8,69;11,30K;1,72%
05.06.2015;8,7;8,7;8,7;8,7;0,45K;-2,25%
04.06.2015;8,9;9;9;8,9;0,86K;0,56%
02.06.2015;8,85;8,6;8,85;8,6;16,29K;1,72%
01.06.2015;8,7;8,6;8,7;8,6;0,88K;1,16%
29.05.2015;8,6;8,5;8,6;8,5;0,88K;1,18%
28.05.2015;8,5;8,5;8,5;8,5;0,40K;6,25%
27.05.2015;8;8;8;8;0,95K;0,00%
26.05.2015;8;8,01;8,01;7,8;6,80K;-4,76%
22.05.2015;8,4;8,7;8,7;8;17,21K;-3,45%
21.05.2015;8,7;8,75;8,75;8,6;13,00K;-2,25%
20.05.2015;8,9;8,7;8,9;8,7;5,86K;1,71%
19.05.2015;8,75;9;9;8,75;6,20K;-4,89%
18.05.2015;9,2;9;9,2;9;2,04K;2,22%
15.05.2015;9;9,24;9,24;9;8,39K;-2,70%
14.05.2015;9,25;9,3;9,3;9,25;2,39K;-1,60%
13.05.2015;9,4;9,5;9,5;9,2;8,43K;-2,08%
12.05.2015;9,6;9,65;9,65;9,6;12,53K;-0,52%
11.05.2015;9,65;9,7;9,7;9,5;28,87K;1,58%
08.05.2015;9,5;9,7;9,7;9,5;1,83K;-2,06%
07.05.2015;9,7;9,7;9,7;9,68;1,50K;-0,31%
06.05.2015;9,73;9,6;9,75;9,5;13,75K;0,41%
05.05.2015;9,69;9,6;9,7;9,6;3,88K;0,94%
04.05.2015;9,6;10,1;10,1;9,45;30,00K;-6,34%
30.04.2015;10,25;10,25;10,25;10;6,66K;0,00%
29.04.2015;10,25;10,25;10,25;10,1;13,41K;0,00%
28.04.2015;10,25;10,2;10,25;10;4,22K;0,49%
27.04.2015;10,2;10,2;10,2;10,2;1,29K;4,08%
24.04.2015;9,8;10,25;10,25;9,8;13,32K;-4,39%
23.04.2015;10,25;9,8;10,25;9,15;52,14K;4,59%
22.04.2015;9,8;10;10,2;9,8;10,24K;-2,97%
21.04.2015;10,1;9,92;10,1;9,9;4,45K;1,00%
20.04.2015;10;10,05;10,05;9,95;6,48K;2,04%
17.04.2015;9,8;9,5;9,8;9,5;9,87K;3,16%
16.04.2015;9,5;9,1;9,5;9,1;3,00K;4,40%
15.04.2015;9,1;8,85;9,1;8,85;7,70K;3,41%
14.04.2015;8,8;8,7;8,8;8,7;3,38K;1,15%
13.04.2015;8,7;8,66;8,7;8,66;6,23K;0,58%
10.04.2015;8,65;8,6;8,65;8,56;4,37K;0,58%
09.04.2015;8,6;8,6;8,7;8,6;5,10K;1,18%
08.04.2015;8,5;8,4;8,5;8,4;2,82K;1,19%
07.04.2015;8,4;8,3;8,4;8,25;1,67K;1,20%
06.04.2015;8,3;8,3;8,3;8,1;2,45K;0,61%
01.04.2015;8,25;8,25;8,25;8,25;4,31K;0,00%
31.03.2015;8,25;7,8;8,25;7,8;10,69K;5,77%
30.03.2015;7,8;7,6;7,8;7,5;4,23K;2,63%
27.03.2015;7,6;7,65;7,65;7,6;1,25K;0,00%
26.03.2015;7,6;7,6;7,6;7,6;1,00K;0,00%
25.03.2015;7,6;7,4;7,6;7,4;0,70K;1,33%
20.03.2015;7,5;7,5;7,5;7,5;0,95K;-1,32%
19.03.2015;7,6;7,5;7,6;7,4;3,60K;0,00%
18.03.2015;7,6;7,6;7,6;7,4;3,66K;-0,65%
17.03.2015;7,65;7,6;7,65;7,6;1,88K;0,66%
16.03.2015;7,6;7,3;7,6;7,23;15,03K;2,98%
13.03.2015;7,38;7,38;7,38;7,38;0,64K;0,41%
12.03.2015;7,35;7,35;7,35;7,35;0,16K;1,38%
11.03.2015;7,25;6,99;7,25;6,99;6,03K;5,07%
10.03.2015;6,9;6,9;6,9;6,9;2,34K;-4,17%
09.03.2015;7,2;6,5;7,2;6,5;5,70K;2,86%
06.03.2015;7;7;7;6,8;4,91K;0,00%
05.03.2015;7;6,9;7;6,9;6,20K;1,45%
03.03.2015;6,9;6,5;6,9;6,5;7,26K;-0,72%
02.03.2015;6,95;6,95;6,95;6,95;6,93K;0,00%
27.02.2015;6,95;6,95;6,95;6,95;10,48K;0,00%
25.02.2015;6,95;6,95;6,95;6,95;0,30K;0,72%
24.02.2015;6,9;6,9;6,9;6,9;0,49K;0,00%
23.02.2015;6,9;6,9;6,9;6,9;6,50K;-1,43%
20.02.2015;7;7;7;7;5,94K;-4,76%
18.02.2015;7,35;7,4;7,4;7,3;1,90K;-0,68%
13.02.2015;7,4;7,3;7,4;7,3;0,50K;1,37%
12.02.2015;7,3;7,2;7,3;7,1;4,74K;0,00%
11.02.2015;7,3;7,3;7,3;7,3;0,25K;2,82%
10.02.2015;7,1;6,9;7,1;6,9;1,92K;1,43%
09.02.2015;7;6,8;7;6,8;3,58K;2,94%
06.02.2015;6,8;6,75;6,8;6,75;1,78K;1,49%
05.02.2015;6,7;6,55;6,7;6,55;1,20K;0,00%
04.02.2015;6,7;6,7;6,7;6,55;2,70K;0,00%
03.02.2015;6,7;6,8;6,8;6,7;2,26K;-0,74%
30.01.2015;6,75;6,75;6,75;6,75;1,48K;0,00%
29.01.2015;6,75;6,7;6,75;6,6;2,51K;0,75%
28.01.2015;6,7;6,6;6,7;6,5;7,64K;0,00%
27.01.2015;6,7;6,7;6,8;6,5;3,23K;0,00%
26.01.2015;6,7;6,8;6,8;6,7;16,02K;-2,90%
23.01.2015;6,9;7;7;6,9;4,43K;-1,43%
22.01.2015;7;7,1;7,2;7;11,58K;-0,71%
21.01.2015;7,05;6,9;7,05;6,8;8,70K;6,02%
20.01.2015;6,65;6,65;6,65;6,65;0,43K;0,00%
19.01.2015;6,65;6,4;6,65;6,4;6,96K;5,56%
16.01.2015;6,3;6,5;6,5;6,3;2,00K;0,00%
15.01.2015;6,3;6,37;6,5;6,3;1,49K;0,00%
14.01.2015;6,3;6,2;6,4;6,2;2,60K;-8,03%
13.01.2015;6,85;6,7;6,85;6,2;6,13K;6,20%
12.01.2015;6,45;6,34;6,45;6,34;15,98K;1,74%
09.01.2015;6,34;6,4;6,4;6,3;10,93K;-0,78%
08.01.2015;6,39;6,4;6,4;6,3;2,58K;-0,16%
07.01.2015;6,4;6,3;6,4;6,3;3,82K;1,59%
06.01.2015;6,3;6,3;6,3;6,3;0,50K;0,00%
05.01.2015;6,3;6,05;6,3;6;3,47K;4,13%
02.01.2015;6,05;5,6;6,05;5,6;9,24K;10,00%
30.12.2014;5,5;5,4;5,5;5,4;1,30K;1,85%
23.12.2014;5,4;5,2;5,4;5,2;18,50K;5,88%
19.12.2014;5,1;5,1;5,1;5,1;10,00K;0,39%
18.12.2014;5,08;5,08;5,08;5,08;-;1,60%
17.12.2014;5;5;5;5;3,00K;0,00%
15.12.2014;5;5,05;5,05;5;10,00K;-1,96%
12.12.2014;5,1;5,18;5,2;5,1;2,90K;0,99%
10.12.2014;5,05;5,05;5,2;5,05;5,00K;-1,94%
09.12.2014;5,15;5,15;5,15;5,15;3,99K;-0,39%
03.12.2014;5,17;5;5,17;5;10,65K;0,39%
02.12.2014;5,15;5,1;5,15;5,1;1,80K;0,98%
01.12.2014;5,1;5,1;5,1;5,1;8,00K;-0,97%
26.11.2014;5,15;5,15;5,15;5,15;2,00K;-0,77%
25.11.2014;5,19;5,05;5,19;5;65,75K;0,39%
19.11.2014;5,17;5,2;5,2;5,17;2,85K;-0,39%
18.11.2014;5,19;5,19;5,19;5,19;1,40K;-0,19%
14.11.2014;5,2;5,2;5,2;5,2;1,00K;-1,89%
13.11.2014;5,3;5,24;5,3;5,24;2,00K;0,95%
12.11.2014;5,25;5,3;5,3;5,25;6,75K;-0,94%
11.11.2014;5,3;5,31;5,35;5,25;7,79K;-4,50%
10.11.2014;5,55;5,35;5,55;5,35;1,25K;0,91%
07.11.2014;5,5;5,65;5,65;5,45;16,61K;-8,33%
05.11.2014;6;5,46;6;5,46;3,04K;9,09%
04.11.2014;5,5;5,45;5,5;5,45;15,00K;0,36%
03.11.2014;5,48;5,4;5,48;5,4;13,09K;1,48%
31.10.2014;5,4;5,4;5,4;5,4;2,20K;0,00%
24.10.2014;5,4;5,3;5,4;5,3;5,70K;0,00%
22.10.2014;5,4;5,4;5,4;5,4;0,50K;0,00%
21.10.2014;5,4;5,4;5,4;5,4;4,13K;-0,92%
20.10.2014;5,45;5,4;5,45;5,4;2,70K;0,93%
17.10.2014;5,4;5,45;5,45;5,4;1,60K;0,00%
15.10.2014;5,4;5,2;5,4;5,2;7,50K;2,47%
09.10.2014;5,27;5,27;5,27;5,27;5,01K;-4,18%
08.10.2014;5,5;5,23;5,5;5,23;5,55K;-3,51%
07.10.2014;5,7;5,7;5,7;5,7;-;-1,72%
03.10.2014;5,8;5,7;5,8;5,7;1,47K;1,75%
02.10.2014;5,7;5,12;5,7;5,12;22,92K;3,64%
01.10.2014;5,5;5,5;5,5;5,5;-;-5,17%
30.09.2014;5,8;5,8;5,8;5,8;3,15K;0,00%
29.09.2014;5,8;5,8;5,8;5,8;1,01K;0,00%
25.09.2014;5,8;5,78;5,8;5,78;2,00K;0,00%
24.09.2014;5,8;5,37;5,8;5,37;9,54K;8,41%
23.09.2014;5,35;5,21;5,35;5,21;6,91K;2,69%
22.09.2014;5,21;5,25;5,25;5,2;5,00K;-0,76%
19.09.2014;5,25;5,26;5,26;5,25;3,83K;0,00%
18.09.2014;5,25;5,25;5,25;5,25;5,59K;0,96%
17.09.2014;5,2;5,2;5,2;5,2;1,48K;-1,89%
16.09.2014;5,3;5,3;5,3;5,3;1,80K;0,00%
15.09.2014;5,3;5,3;5,3;5,3;0,96K;0,00%
12.09.2014;5,3;5,41;5,41;5,25;9,64K;-1,85%
11.09.2014;5,4;5,3;5,4;5,3;4,86K;1,50%
10.09.2014;5,32;5,25;5,32;5,25;6,82K;1,53%
09.09.2014;5,24;5,2;5,24;5,2;3,48K;0,77%
08.09.2014;5,2;5,2;5,2;5,18;25,60K;0,00%
05.09.2014;5,2;5,05;5,2;5,05;49,64K;2,97%
04.09.2014;5,05;5,1;5,1;5,05;10,50K;-2,51%
03.09.2014;5,18;5,25;5,25;5,18;1,45K;-0,38%
02.09.2014;5,2;5,15;5,2;5,06;4,38K;2,36%
01.09.2014;5,08;5,01;5,08;5,01;13,45K;-0,39%
29.08.2014;5,1;5,1;5,15;5,05;9,43K;0,00%
28.08.2014;5,1;5,3;5,3;5,1;2,48K;-1,92%
27.08.2014;5,2;5,25;5,25;5,2;4,95K;0,97%
26.08.2014;5,15;5,15;5,15;5,1;14,66K;-1,90%
25.08.2014;5,25;5,28;5,28;5,25;1,90K;-0,57%
22.08.2014;5,28;5,1;5,28;5,1;7,61K;5,60%
21.08.2014;5;4,85;5;4,85;25,39K;2,25%
20.08.2014;4,89;4,75;4,89;4,75;15,25K;1,45%
19.08.2014;4,82;4,75;4,82;4,75;10,00K;1,69%
15.08.2014;4,74;4,8;4,85;4,6;9,23K;0,00%
14.08.2014;4,74;4,67;4,74;4,65;27,50K;1,94%
13.08.2014;4,65;4,53;4,65;4,53;14,50K;2,65%
12.08.2014;4,53;4,4;4,53;4,4;18,19K;-0,44%
11.08.2014;4,55;4,4;4,55;4,4;14,37K;5,81%
08.08.2014;4,3;4,18;4,3;4,18;22,38K;4,88%
07.08.2014;4,1;4;4,25;4;59,40K;5,13%
05.08.2014;3,9;3,94;3,94;3,9;30,50K;-1,27%
04.08.2014;3,95;4;4;3,95;7,91K;-1,25%
01.08.2014;4;3,91;4;3,91;28,41K;0,00%
31.07.2014;4;3,81;4;3,81;27,72K;-4,76%
30.07.2014;4,2;4,17;4,2;4,17;8,00K;5,00%
29.07.2014;4;3,88;4;3,88;5,91K;3,09%
28.07.2014;3,88;3,85;3,88;3,85;13,94K;0,00%
25.07.2014;3,88;3,9;3,9;3,85;13,00K;-1,02%
23.07.2014;3,92;3,96;3,96;3,92;20,70K;-0,76%
22.07.2014;3,95;3,9;3,95;3,9;8,40K;0,00%
21.07.2014;3,95;4,1;4,1;3,95;37,31K;-6,40%
18.07.2014;4,22;4,22;4,22;4,22;1,00K;0,48%
17.07.2014;4,2;4,08;4,2;4,06;28,00K;0,00%
16.07.2014;4,2;4,15;4,2;4,11;11,65K;0,00%
15.07.2014;4,2;4,15;4,2;4,11;10,31K;-1,87%
14.07.2014;4,28;4,34;4,34;4,18;24,28K;-2,73%
11.07.2014;4,4;4,3;4,4;4,25;24,87K;0,46%
10.07.2014;4,38;4,25;4,4;4,25;17,80K;4,29%
08.07.2014;4,2;4,13;4,2;4,13;16,55K;0,96%
07.07.2014;4,16;4,04;4,16;4,02;159,88K;3,48%
04.07.2014;4,02;4,02;4,02;4;13,78K;0,00%
03.07.2014;4,02;4,02;4,06;4;31,91K;0,50%
02.07.2014;4;3,91;4;3,91;35,87K;2,04%
01.07.2014;3,92;3,9;3,92;3,85;36,45K;1,82%
30.06.2014;3,85;3,75;3,85;3,7;95,43K;0,00%
27.06.2014;3,85;3,87;3,91;3,79;107,99K;-3,75%
26.06.2014;4;4,05;4,05;3,89;50,50K;-1,96%
24.06.2014;4,08;4,2;4,2;4,01;11,33K;-2,16%
23.06.2014;4,17;4;4,2;4;15,13K;4,51%
19.06.2014;3,99;3,8;3,99;3,8;7,60K;1,01%
18.06.2014;3,95;3,9;3,95;3,8;40,50K;1,28%
17.06.2014;3,9;3,8;3,9;3,8;26,55K;1,83%
16.06.2014;3,83;4;4;3,83;37,31K;-9,88%
13.06.2014;4,25;4,18;4,3;4,18;7,50K;1,67%
12.06.2014;4,18;4,14;4,18;4,14;15,17K;0,72%
11.06.2014;4,15;4;4,15;4;28,84K;3,75%
10.06.2014;4;4,05;4,05;4;26,83K;-1,23%
09.06.2014;4,05;4,05;4,05;3,93;71,43K;1,76%
06.06.2014;3,98;3,74;3,99;3,74;54,36K;7,57%
05.06.2014;3,7;3,6;3,7;3,6;18,22K;4,23%
04.06.2014;3,55;3,55;3,55;3,55;10,00K;0,00%
03.06.2014;3,55;3,55;3,6;3,55;18,20K;1,43%
02.06.2014;3,5;3,48;3,5;3,43;31,59K;1,16%
30.05.2014;3,46;3,2;3,46;3,2;36,35K;9,84%
29.05.2014;3,15;3;3,15;3;49,75K;5,00%
28.05.2014;3;2,9;3,03;2,9;21,79K;3,45%
27.05.2014;2,9;2,75;2,9;2,71;34,19K;7,01%
26.05.2014;2,71;2,68;2,71;2,68;56,72K;3,04%
23.05.2014;2,63;2,63;2,63;2,63;10,00K;1,15%
22.05.2014;2,6;2,65;2,65;2,6;12,39K;-1,14%
21.05.2014;2,63;2,6;2,63;2,6;12,43K;1,15%
20.05.2014;2,6;2,53;2,6;2,53;35,11K;2,77%
19.05.2014;2,53;2,48;2,53;2,48;5,14K;1,61%
16.05.2014;2,49;2,39;2,49;2,38;27,34K;4,18%
15.05.2014;2,39;2,33;2,39;2,33;11,00K;-2,05%
12.05.2014;2,44;2,45;2,45;2,44;1,00K;1,67%
08.05.2014;2,4;2,3;2,4;2,3;37,50K;4,35%
07.05.2014;2,3;2,3;2,3;2,3;4,27K;-1,71%
06.05.2014;2,34;2,34;2,34;2,34;-;0,00%
05.05.2014;2,34;2,3;2,34;2,3;11,50K;1,74%
29.04.2014;2,3;2,23;2,3;2,23;6,54K;4,55%
28.04.2014;2,2;2,2;2,2;2,2;3,00K;2,33%
25.04.2014;2,15;2,15;2,15;2,15;10,00K;-0,46%
24.04.2014;2,16;2,16;2,16;2,16;6,50K;0,47%
23.04.2014;2,15;2,15;2,15;2,15;3,58K;0,00%
22.04.2014;2,15;2,15;2,15;2,15;2,75K;0,00%
21.04.2014;2,15;2,15;2,15;2,15;3,20K;0,00%
16.04.2014;2,15;2,15;2,15;2,15;1,00K;-1,38%
15.04.2014;2,18;2,18;2,18;2,18;1,33K;0,00%
14.04.2014;2,18;2,18;2,18;2,18;-;0,00%
11.04.2014;2,18;2,09;2,18;2,08;52,85K;1,40%
10.04.2014;2,15;2,15;2,15;2,15;0,64K;2,87%
09.04.2014;2,09;2,09;2,09;2,09;2,00K;0,00%
08.04.2014;2,09;2,09;2,09;2,09;2,00K;0,00%
07.04.2014;2,09;2,08;2,09;2,08;2,52K;0,48%
03.04.2014;2,08;2,05;2,08;2,05;5,59K;1,46%
01.04.2014;2,05;2;2,05;2;19,80K;5,13%
31.03.2014;1,95;1,84;1,95;1,84;20,30K;7,14%
26.03.2014;1,82;1,82;1,82;1,82;0,60K;-0,55%
21.03.2014;1,83;1,83;1,83;1,83;26,19K;0,00%
20.03.2014;1,83;1,83;1,83;1,83;1,45K;0,55%
19.03.2014;1,82;1,82;1,82;1,82;3,72K;0,55%
18.03.2014;1,81;1,81;1,81;1,81;5,25K;0,00%
17.03.2014;1,81;1,81;1,81;1,81;2,47K;-1,63%
14.03.2014;1,84;1,84;1,84;1,84;-;2,22%
13.03.2014;1,8;1,8;1,8;1,8;5,00K;0,00%
12.03.2014;1,8;1,78;1,8;1,78;6,16K;1,12%
11.03.2014;1,78;1,8;1,8;1,78;4,41K;-1,11%
07.03.2014;1,8;1,8;1,8;1,8;2,47K;-1,10%
06.03.2014;1,82;1,88;1,88;1,82;4,50K;-3,19%
05.03.2014;1,88;1,8;1,88;1,8;1,65K;-0,53%
28.02.2014;1,89;1,85;1,89;1,85;6,53K;0,00%
26.02.2014;1,89;1,83;1,89;1,83;5,26K;2,16%
25.02.2014;1,85;1,85;1,85;1,85;-;-5,13%
24.02.2014;1,95;1,95;1,95;1,95;1,76K;0,52%
20.02.2014;1,94;1,85;1,94;1,85;10,98K;-0,51%
18.02.2014;1,95;1,97;1,97;1,95;7,77K;0,00%
17.02.2014;1,95;1,95;1,95;1,95;5,00K;0,00%
12.02.2014;1,95;1,95;1,95;1,95;11,61K;0,00%
06.02.2014;1,95;1,95;1,95;1,93;9,95K;0,00%
05.02.2014;1,95;1,95;1,95;1,95;-;0,00%
04.02.2014;1,95;1,96;1,96;1,95;4,26K;0,00%
03.02.2014;1,95;1,98;1,98;1,92;6,85K;2,63%
31.01.2014;1,9;1,83;1,9;1,83;2,25K;-5,00%
30.01.2014;2;2;2;2;-;1,52%
24.01.2014;1,97;1,97;1,97;1,94;9,04K;-1,50%
23.01.2014;2;2,02;2,04;2;18,00K;0,00%
22.01.2014;2;2;2;2;7,36K;-0,50%
21.01.2014;2,01;2;2,01;2;10,96K;-1,95%
17.01.2014;2,05;2,1;2,1;2,05;11,88K;0,49%
16.01.2014;2,04;1,87;2,04;1,87;2,31K;-1,45%
15.01.2014;2,07;2,05;2,08;2,05;17,90K;3,50%
14.01.2014;2;2;2;2;4,84K;2,56%
10.01.2014;1,95;1,95;1,95;1,95;6,93K;2,63%
09.01.2014;1,9;1,9;1,9;1,9;8,18K;-5,00%
06.01.2014;2;2;2;2;2,42K;-3,38%
03.01.2014;2,07;2,07;2,07;2,07;8,25K;-0,48%
26.12.2013;2,08;2,08;2,08;2,08;1,39K;-0,95%
19.12.2013;2,1;2,1;2,1;2,1;2,38K;7,14%
18.12.2013;1,96;1,96;1,96;1,96;18,29K;-4,39%
12.12.2013;2,05;2,05;2,05;2,05;2,02K;0,00%
11.12.2013;2,05;2,05;2,05;2,05;5,06K;0,00%
10.12.2013;2,05;2,05;2,05;2,05;3,90K;0,00%
09.12.2013;2,05;2,05;2,05;2,05;1,46K;0,00%
06.12.2013;2,05;2,05;2,05;2,05;7,72K;0,00%
05.12.2013;2,05;2,06;2,06;2,05;7,92K;0,00%
04.12.2013;2,05;2,05;2,05;2,05;-;-1,44%
03.12.2013;2,08;2,08;2,08;2,08;2,76K;0,00%
02.12.2013;2,08;2,08;2,08;2,08;4,74K;-3,26%
29.11.2013;2,15;2,15;2,15;2,15;5,00K;-0,92%
27.11.2013;2,17;2,2;2,2;2,17;2,27K;-2,25%
26.11.2013;2,22;2,22;2,22;2,22;8,72K;1,37%
22.11.2013;2,19;2,17;2,19;2,15;10,83K;0,92%
19.11.2013;2,17;2,17;2,17;2,17;2,61K;0,93%
18.11.2013;2,15;2,15;2,15;2,15;-;0,00%
15.11.2013;2,15;2,11;2,15;2,11;3,60K;-1,38%
13.11.2013;2,18;2,15;2,18;2,15;3,77K;-3,11%
12.11.2013;2,25;2,25;2,25;2,25;2,67K;0,00%
11.11.2013;2,25;2,25;2,25;2,25;1,00K;-6,25%
05.11.2013;2,4;2,35;2,4;2,3;10,59K;4,35%
01.11.2013;2,3;2,3;2,3;2,3;1,30K;-4,17%
31.10.2013;2,4;2,3;2,4;2,3;24,00K;0,00%
29.10.2013;2,4;2,51;2,51;2,4;6,95K;-4,00%
28.10.2013;2,5;2,59;2,59;2,5;21,51K;-5,66%
25.10.2013;2,65;2,65;2,65;2,65;-;0,00%
24.10.2013;2,65;2,5;2,65;2,5;30,50K;6,00%
23.10.2013;2,5;2,5;2,5;2,5;5,14K;0,00%
22.10.2013;2,5;2,51;2,51;2,5;12,10K;-1,19%
21.10.2013;2,53;2,47;2,54;2,47;39,37K;2,85%
18.10.2013;2,46;2,45;2,46;2,45;20,91K;0,41%
17.10.2013;2,45;2,45;2,45;2,45;1,03K;0,00%
16.10.2013;2,45;2,6;2,6;2,45;15,42K;-5,77%
15.10.2013;2,6;2,6;2,63;2,6;46,00K;1,96%
11.10.2013;2,55;2,55;2,55;2,5;31,29K;0,00%
10.10.2013;2,55;2,46;2,55;2,42;57,68K;3,66%
09.10.2013;2,46;2,42;2,46;2,36;9,66K;3,36%
08.10.2013;2,38;2,4;2,4;2,38;5,35K;1,28%
07.10.2013;2,35;2,35;2,35;2,35;11,45K;-1,67%
04.10.2013;2,39;2,28;2,4;2,28;22,58K;4,82%
03.10.2013;2,28;2,24;2,28;2,24;12,31K;3,64%
02.10.2013;2,2;2,2;2,2;2,2;1,64K;-2,22%
01.10.2013;2,25;2,18;2,25;2,18;24,70K;2,27%
27.09.2013;2,2;2,2;2,2;2,2;1,20K;0,00%
26.09.2013;2,2;2,15;2,2;2,15;41,82K;4,76%
25.09.2013;2,1;2,14;2,14;2,1;27,22K;-2,33%
24.09.2013;2,15;2,08;2,19;2,08;30,92K;1,42%
23.09.2013;2,12;2,12;2,12;2,12;10,00K;-2,75%
20.09.2013;2,18;2,14;2,18;2,14;35,56K;4,81%
19.09.2013;2,08;2,08;2,08;2,08;2,71K;0,00%
18.09.2013;2,08;2,14;2,14;2,08;10,51K;-3,26%
17.09.2013;2,15;2,14;2,15;2,14;4,81K;0,00%
16.09.2013;2,15;2,11;2,15;2,11;6,42K;3,37%
13.09.2013;2,08;2,08;2,08;2,08;1,82K;0,00%
12.09.2013;2,08;2,07;2,11;2,07;14,08K;-0,95%
11.09.2013;2,1;2,11;2,14;2,08;14,85K;-0,94%
10.09.2013;2,12;2,11;2,12;2,11;31,00K;1,92%
09.09.2013;2,08;2,13;2,14;2,08;64,23K;-0,95%
06.09.2013;2,1;2,1;2,1;2,1;2,49K;-1,87%
05.09.2013;2,14;2,15;2,17;2,11;58,64K;0,00%
04.09.2013;2,14;1,9;2,14;1,9;51,89K;1,42%
03.09.2013;2,11;2,08;2,11;2,08;15,15K;4,46%
02.09.2013;2,02;1,77;2,02;1,77;114,55K;14,77%
30.08.2013;1,76;1,72;1,77;1,72;10,99K;1,73%
29.08.2013;1,73;1,73;1,73;1,73;4,91K;1,17%
28.08.2013;1,71;1,7;1,74;1,7;61,18K;0,59%
23.08.2013;1,7;1,71;1,72;1,7;13,02K;0,59%
21.08.2013;1,69;1,68;1,69;1,64;14,11K;0,60%
20.08.2013;1,68;1,68;1,68;1,68;-;1,20%
15.08.2013;1,66;1,62;1,66;1,62;24,52K;-2,35%
14.08.2013;1,7;1,69;1,7;1,69;11,08K;1,19%
13.08.2013;1,68;1,67;1,68;1,67;12,41K;2,44%
08.08.2013;1,64;1,64;1,64;1,64;-;-1,20%
07.08.2013;1,66;1,65;1,66;1,65;5,44K;3,75%
05.08.2013;1,6;1,6;1,6;1,6;-;-2,44%
02.08.2013;1,64;1,62;1,65;1,62;14,67K;2,50%
01.08.2013;1,6;1,68;1,68;1,6;25,70K;-3,61%
31.07.2013;1,66;1,66;1,66;1,66;4,10K;0,00%
19.07.2013;1,66;1,6;1,66;1,6;20,80K;0,00%
11.07.2013;1,66;1,6;1,66;1,6;16,75K;3,75%
05.07.2013;1,6;1,6;1,6;1,6;24,25K;-3,61%
04.07.2013;1,66;1,66;1,66;1,66;1,00K;0,00%
01.07.2013;1,66;1,66;1,66;1,66;1,00K;0,61%
19.06.2013;1,65;1,6;1,65;1,6;1,90K;3,12%
18.06.2013;1,6;1,6;1,6;1,6;1,59K;-3,61%
13.06.2013;1,66;1,66;1,66;1,66;3,07K;-1,19%
12.06.2013;1,68;1,68;1,68;1,68;4,83K;0,00%
11.06.2013;1,68;1,68;1,68;1,68;1,63K;-1,18%
07.06.2013;1,7;1,7;1,7;1,7;2,50K;0,00%
06.06.2013;1,7;1,7;1,7;1,7;3,00K;0,00%
05.06.2013;1,7;1,69;1,7;1,69;2,95K;1,19%
04.06.2013;1,68;1,68;1,68;1,68;2,54K;-1,18%
03.06.2013;1,7;1,7;1,7;1,7;2,50K;-0,58%
31.05.2013;1,71;1,75;1,75;1,71;29,88K;-2,29%
30.05.2013;1,75;1,75;1,75;1,75;60,00K;-3,85%
23.05.2013;1,82;1,8;1,82;1,79;70,00K;-2,15%
22.05.2013;1,86;1,86;1,87;1,86;27,70K;-2,11%
21.05.2013;1,9;1,84;1,9;1,84;7,87K;2,15%
20.05.2013;1,86;1,82;1,86;1,82;15,48K;-1,59%
08.05.2013;1,89;1,88;1,89;1,88;17,91K;0,00%
07.05.2013;1,89;1,85;1,89;1,85;48,44K;5,00%
06.05.2013;1,8;1,8;1,8;1,8;2,40K;2,27%
03.05.2013;1,76;1,76;1,76;1,76;7,60K;0,57%
02.05.2013;1,75;1,77;1,77;1,75;12,80K;-1,13%
30.04.2013;1,77;1,82;1,82;1,77;21,00K;-1,67%
26.04.2013;1,8;1,8;1,8;1,8;5,50K;0,00%
25.04.2013;1,8;1,78;1,8;1,78;24,99K;1,12%
23.04.2013;1,78;1,73;1,78;1,73;47,83K;2,89%
18.04.2013;1,73;1,68;1,73;1,68;23,30K;-1,14%
16.04.2013;1,75;1,75;1,75;1,71;49,90K;2,34%
15.04.2013;1,71;1,71;1,71;1,71;2,50K;0,00%
11.04.2013;1,71;1,77;1,77;1,71;17,68K;-2,29%
10.04.2013;1,75;1,81;1,81;1,75;71,00K;-5,41%
05.04.2013;1,85;1,83;1,85;1,83;6,04K;-1,60%
25.03.2013;1,88;1,88;1,88;1,88;0,60K;1,62%
21.03.2013;1,85;1,85;1,85;1,85;2,70K;-1,60%
20.03.2013;1,88;1,8;1,88;1,8;6,65K;1,62%
18.03.2013;1,85;1,8;1,85;1,8;8,14K;-2,12%
14.03.2013;1,89;1,85;1,89;1,85;1,20K;0,00%
07.03.2013;1,89;1,86;1,89;1,85;12,84K;-2,07%
05.03.2013;1,93;1,91;1,93;1,91;6,62K;0,00%
04.03.2013;1,93;1,9;1,93;1,9;3,19K;1,58%
01.03.2013;1,9;1,85;1,9;1,85;10,09K;-1,04%
27.02.2013;1,92;1,9;1,92;1,9;8,11K;0,00%
26.02.2013;1,92;1,9;1,92;1,9;3,35K;-0,52%
25.02.2013;1,93;1,9;1,93;1,88;9,60K;-1,53%
22.02.2013;1,96;1,96;1,96;1,96;0,60K;1,55%
21.02.2013;1,93;1,93;1,93;1,9;7,09K;-2,03%
19.02.2013;1,97;1,97;1,97;1,97;2,19K;0,51%
18.02.2013;1,96;1,93;1,96;1,93;4,68K;0,00%
15.02.2013;1,96;1,93;1,96;1,93;49,91K;1,55%
14.02.2013;1,93;1,92;1,93;1,92;3,55K;-1,53%
13.02.2013;1,96;1,96;1,96;1,9;4,58K;-0,51%
08.02.2013;1,97;1,87;1,97;1,87;15,81K;3,68%
07.02.2013;1,9;1,9;1,9;1,9;6,80K;0,00%
06.02.2013;1,9;1,9;1,9;1,9;30,00K;-2,56%
05.02.2013;1,95;1,9;1,95;1,9;8,68K;-1,02%
04.02.2013;1,97;1,92;1,97;1,92;52,08K;-0,51%
01.02.2013;1,98;1,97;1,98;1,95;3,05K;-1,00%
29.01.2013;2;1,95;2;1,95;4,84K;0,00%
28.01.2013;2;1,97;2;1,97;11,22K;0,00%
24.01.2013;2;1,98;2;1,96;31,01K;0,00%
23.01.2013;2;2;2,01;2;3,18K;1,01%
22.01.2013;1,98;1,93;1,98;1,93;18,00K;2,06%
21.01.2013;1,94;1,92;1,94;1,91;2,50K;1,04%
18.01.2013;1,92;1,95;1,95;1,92;7,31K;-1,03%
17.01.2013;1,94;1,9;1,94;1,9;6,50K;2,65%
16.01.2013;1,89;1,83;1,89;1,8;93,64K;3,28%
14.01.2013;1,83;1,8;1,83;1,73;68,96K;1,67%
11.01.2013;1,8;1,8;1,8;1,75;12,42K;-2,70%
10.01.2013;1,85;1,85;1,9;1,85;76,66K;2,78%
09.01.2013;1,8;1,65;1,8;1,65;90,74K;9,76%
08.01.2013;1,64;1,63;1,64;1,63;10,00K;0,61%
07.01.2013;1,63;1,59;1,64;1,59;129,47K;2,52%
04.01.2013;1,59;1,57;1,59;1,56;46,50K;1,27%
03.01.2013;1,57;1,55;1,57;1,53;184,53K;3,29%
02.01.2013;1,52;1,53;1,53;1,51;110,84K;-48,94%
28.12.2012;2,977;2,977;3,016;2,977;35,84K;-1,94%
27.12.2012;3,036;2,838;3,036;2,838;19,47K;1,98%
26.12.2012;2,977;2,977;2,977;2,977;0,35K;85,25%
20.12.2012;1,607;1,607;1,607;1,607;5,04K;1,32%
19.12.2012;1,586;1,586;1,586;1,586;1,97K;2,45%
18.12.2012;1,548;1,508;1,548;1,508;38,81K;4,03%
14.12.2012;1,488;1,488;1,488;1,488;3,25K;0,68%
13.12.2012;1,478;1,449;1,488;1,449;53,11K;3,43%
12.12.2012;1,429;1,429;1,429;1,429;1,57K;2,88%
11.12.2012;1,389;1,409;1,409;1,389;6,23K;-2,11%
10.12.2012;1,419;1,419;1,419;1,419;2,71K;0,71%
30.11.2012;1,409;1,409;1,409;1,409;7,48K;0,00%
29.11.2012;1,409;1,409;1,409;1,409;3,14K;0,00%
23.11.2012;1,409;1,409;1,409;1,409;2,94K;0,00%
21.11.2012;1,409;1,419;1,419;1,409;7,56K;0,00%
20.11.2012;1,409;1,419;1,419;1,409;17,64K;0,00%
19.11.2012;1,409;1,409;1,409;1,409;17,49K;0,00%
16.11.2012;1,409;1,389;1,409;1,389;8,94K;0,00%
14.11.2012;1,409;1,409;1,409;1,409;2,29K;-6,56%
08.11.2012;1,508;1,488;1,508;1,488;1,99K;1,34%
07.11.2012;1,488;1,431;1,488;1,429;6,69K;1,99%
02.11.2012;1,459;1,389;1,468;1,389;55,68K;8,15%
01.11.2012;1,349;1,349;1,349;1,349;2,52K;2,04%
30.10.2012;1,322;1,349;1,349;1,322;3,02K;-2,00%
25.10.2012;1,349;1,389;1,389;1,349;16,13K;-1,46%
24.10.2012;1,369;1,349;1,389;1,349;29,78K;-2,14%
22.10.2012;1,399;1,389;1,399;1,389;4,49K;0,72%
19.10.2012;1,389;1,389;1,389;1,389;3,53K;-4,14%
16.10.2012;1,449;1,449;1,449;1,449;5,04K;0,00%
12.10.2012;1,449;1,528;1,528;1,449;37,54K;-5,17%
11.10.2012;1,528;1,488;1,528;1,488;6,55K;0,00%
10.10.2012;1,528;1,488;1,528;1,468;4,79K;-0,65%
05.10.2012;1,538;1,538;1,538;1,538;5,04K;0,00%
02.10.2012;1,538;1,538;1,538;1,538;1,01K;0,00%
28.09.2012;1,538;1,538;1,538;1,538;2,52K;1,32%
27.09.2012;1,518;1,518;1,518;1,518;20,66K;3,27%
26.09.2012;1,47;1,47;1,514;1,47;9,69K;-2,39%
21.09.2012;1,506;1,508;1,508;1,449;7,00K;1,21%
20.09.2012;1,488;1,488;1,488;1,488;2,52K;-2,62%
18.09.2012;1,528;1,508;1,528;1,508;5,43K;2,69%
17.09.2012;1,488;1,488;1,488;1,488;4,89K;-3,88%
14.09.2012;1,548;1,548;1,548;1,548;1,66K;0,65%
13.09.2012;1,538;1,528;1,538;1,528;2,11K;0,65%
12.09.2012;1,528;1,49;1,528;1,488;34,47K;0,00%
07.09.2012;1,528;1,528;1,528;1,528;6,80K;-2,55%
06.09.2012;1,568;1,588;1,588;1,568;10,08K;-1,26%
31.08.2012;1,588;1,627;1,627;1,588;7,56K;0,00%
30.08.2012;1,588;1,588;1,588;1,588;5,26K;0,00%
28.08.2012;1,588;1,588;1,588;1,588;3,08K;-2,40%
24.08.2012;1,627;1,588;1,627;1,588;2,77K;0,00%
23.08.2012;1,627;1,627;1,627;1,627;0,95K;0,00%
22.08.2012;1,627;1,627;1,627;1,627;1,51K;2,46%
21.08.2012;1,588;1,607;1,607;1,588;20,16K;-2,40%
17.08.2012;1,627;1,588;1,627;1,588;9,42K;0,00%
16.08.2012;1,627;1,627;1,627;1,627;15,61K;-4,46%
15.08.2012;1,703;1,697;1,703;1,697;17,40K;0,00%
13.08.2012;1,703;1,687;1,703;1,627;138,79K;0,95%
09.08.2012;1,687;1,687;1,687;1,687;7,11K;-1,17%
08.08.2012;1,707;1,687;1,707;1,667;13,17K;2,40%
07.08.2012;1,667;1,667;1,667;1,667;1,51K;-5,61%
02.08.2012;1,766;1,786;1,786;1,707;6,21K;2,32%
30.07.2012;1,726;1,667;1,726;1,667;19,20K;1,71%
27.07.2012;1,697;1,677;1,697;1,667;7,56K;0,59%
25.07.2012;1,687;1,687;1,687;1,687;5,04K;0,60%
24.07.2012;1,677;1,647;1,677;1,647;16,07K;-1,76%
23.07.2012;1,707;1,647;1,707;1,647;39,46K;0,59%
19.07.2012;1,697;1,707;1,707;1,697;2,02K;3,04%
17.07.2012;1,647;1,647;1,647;1,647;1,01K;0,00%
13.07.2012;1,647;1,687;1,687;1,647;9,85K;-6,74%
12.07.2012;1,766;1,766;1,766;1,766;3,53K;-1,12%
11.07.2012;1,786;1,786;1,786;1,786;3,69K;-2,19%
05.07.2012;1,826;1,826;1,826;1,826;2,02K;0,00%
04.07.2012;1,826;1,806;1,826;1,806;4,48K;-1,08%
29.06.2012;1,846;1,846;1,846;1,846;0,76K;2,21%
26.06.2012;1,806;1,766;1,806;1,766;2,71K;1,12%
21.06.2012;1,786;1,786;1,786;1,786;3,52K;-1,11%
19.06.2012;1,806;1,806;1,806;1,806;7,56K;-2,17%
18.06.2012;1,846;1,806;1,855;1,806;36,53K;-1,02%
15.06.2012;1,865;1,865;1,865;1,865;0,76K;1,03%
14.06.2012;1,846;1,846;1,846;1,846;0,87K;-1,02%
13.06.2012;1,865;1,846;1,865;1,796;53,28K;1,03%
01.06.2012;1,846;1,846;1,846;1,846;0,76K;1,10%
30.05.2012;1,826;1,786;1,826;1,786;3,38K;-2,09%
28.05.2012;1,865;1,786;1,865;1,786;8,33K;1,58%
23.05.2012;1,836;1,806;1,836;1,806;11,12K;-0,54%
22.05.2012;1,846;1,846;1,846;1,846;0,66K;3,36%
17.05.2012;1,786;1,746;1,786;1,746;2,99K;-3,25%
16.05.2012;1,846;1,846;1,861;1,786;40,97K;0,00%
15.05.2012;1,846;1,846;1,846;1,846;2,31K;3,36%
14.05.2012;1,786;1,786;1,786;1,786;4,83K;-2,19%
11.05.2012;1,826;1,826;1,826;1,826;0,56K;0,55%
10.05.2012;1,816;1,826;1,826;1,816;12,54K;-0,55%
09.05.2012;1,826;1,836;1,844;1,826;4,69K;-0,98%
08.05.2012;1,844;1,826;1,844;1,822;25,17K;1,21%
07.05.2012;1,822;1,766;1,826;1,766;121,42K;3,76%
04.05.2012;1,756;1,707;1,756;1,707;29,88K;2,27%
03.05.2012;1,717;1,667;1,717;1,647;27,68K;3,00%
02.05.2012;1,667;1,653;1,667;1,653;3,28K;0,85%
27.04.2012;1,653;1,528;1,653;1,528;77,96K;5,42%
26.04.2012;1,568;1,568;1,568;1,568;2,52K;-3,15%
24.04.2012;1,619;1,627;1,627;1,619;18,89K;-4,60%
23.04.2012;1,697;1,697;1,697;1,697;1,26K;1,07%
20.04.2012;1,679;1,627;1,679;1,627;38,80K;-0,24%
19.04.2012;1,683;1,588;1,687;1,588;52,10K;-3,61%
16.04.2012;1,746;1,746;1,746;1,726;8,00K;1,16%
13.04.2012;1,726;1,736;1,736;1,687;18,59K;-1,15%
12.04.2012;1,746;1,766;1,766;1,746;13,86K;0,00%
11.04.2012;1,746;1,687;1,746;1,687;21,59K;1,16%
05.04.2012;1,726;1,709;1,726;1,709;6,52K;0,00%
04.04.2012;1,726;1,709;1,726;1,709;6,52K;-3,36%
20.03.2012;1,786;1,786;1,786;1,786;2,02K;-5,25%
15.03.2012;1,885;1,885;1,885;1,865;14,36K;0,00%
14.03.2012;1,885;1,885;1,885;1,885;1,01K;2,11%
13.03.2012;1,846;1,846;1,846;1,846;1,01K;-2,07%
12.03.2012;1,885;1,885;1,885;1,885;0,56K;1,07%
08.03.2012;1,865;1,945;1,965;1,865;22,66K;-2,10%
05.03.2012;1,905;1,865;1,905;1,865;2,12K;94,39%
01.03.2012;0,98;0,97;0,98;0,97;7,70K;4,26%
29.02.2012;0,94;0,97;0,97;0,94;33,10K;-4,08%
28.02.2012;0,98;0,95;0,98;0,95;21,30K;0,00%
24.02.2012;0,98;0,98;0,99;0,98;24,73K;-1,01%
15.02.2012;0,99;0,98;0,99;0,98;18,90K;-1,00%
07.02.2012;1;1,02;1,02;1;30,00K;0,00%
06.02.2012;1;1;1;1;2,50K;2,04%
03.02.2012;0,98;1,02;1,02;0,98;38,69K;-4,85%
31.01.2012;1,03;1,02;1,03;1,02;35,26K;3,00%
30.01.2012;1;1;1,02;1;8,95K;-4,76%
26.01.2012;1,05;1,04;1,05;1,04;4,50K;0,96%
25.01.2012;1,04;1,05;1,05;1,04;15,99K;-0,95%
24.01.2012;1,05;1,03;1,07;1,03;11,70K;0,00%
23.01.2012;1,05;1,04;1,05;1,03;40,34K;1,94%
20.01.2012;1,03;1,03;1,03;1,03;10,00K;-0,96%
19.01.2012;1,04;1,04;1,04;1,04;10,00K;0,00%
18.01.2012;1,04;1,04;1,05;1,04;4,25K;1,96%
17.01.2012;1,02;1,03;1,03;1,01;8,28K;2,00%
16.01.2012;1;1;1,04;1;17,25K;0,00%
13.01.2012;1;1;1;1;22,24K;0,00%
12.01.2012;1;0,97;1;0,96;48,66K;4,17%
11.01.2012;0,96;0,93;0,97;0,93;43,67K;6,67%
10.01.2012;0,9;0,93;0,94;0,9;18,85K;-3,23%
09.01.2012;0,93;0,93;0,93;0,93;5,80K;0,00%
06.01.2012;0,93;0,93;0,93;0,93;4,28K;3,33%
05.01.2012;0,9;0,9;0,9;0,9;6,38K;1,12%
21.12.2011;0,89;0,89;0,89;0,89;3,00K;2,30%
20.12.2011;0,87;0,87;0,87;0,87;10,70K;-6,45%
07.12.2011;0,93;0,91;0,93;0,91;27,02K;2,20%
06.12.2011;0,91;0,91;0,91;0,9;14,18K;-2,15%
05.12.2011;0,93;0,93;0,94;0,93;86,90K;2,20%
02.12.2011;0,91;0,91;0,91;0,91;15,06K;1,11%
01.12.2011;0,9;0,89;0,9;0,88;42,05K;2,27%
30.11.2011;0,88;0,88;0,88;0,88;30,00K;0,00%
29.11.2011;0,88;0,92;0,92;0,88;30,72K;-5,38%
14.11.2011;0,93;0,93;0,93;0,93;3,20K;-1,06%
09.11.2011;0,94;0,94;0,94;0,94;13,74K;0,00%
08.11.2011;0,94;0,94;0,94;0,93;22,05K;0,00%
07.11.2011;0,94;0,94;0,94;0,94;10,40K;-1,05%
04.11.2011;0,95;0,94;0,95;0,94;23,46K;1,06%
02.11.2011;0,94;0,93;0,94;0,9;20,80K;1,08%
28.10.2011;0,93;0,93;0,93;0,93;2,20K;0,00%
27.10.2011;0,93;0,93;0,94;0,93;42,50K;0,00%
26.10.2011;0,93;0,92;0,93;0,92;9,23K;-1,06%
25.10.2011;0,94;0,95;0,95;0,94;64,00K;-3,09%
21.10.2011;0,97;0,96;0,97;0,96;10,20K;2,11%
19.10.2011;0,95;0,95;0,95;0,95;2,86K;0,00%
18.10.2011;0,95;0,95;0,95;0,95;41,75K;0,00%
17.10.2011;0,95;0,95;0,95;0,95;2,10K;2,15%
14.10.2011;0,93;0,93;0,93;0,93;2,30K;1,09%
13.10.2011;0,92;0,89;0,92;0,89;3,53K;3,37%
12.10.2011;0,89;0,89;0,89;0,89;4,89K;4,71%
11.10.2011;0,85;0,85;0,85;0,85;3,00K;6,25%
07.10.2011;0,8;0,8;0,8;0,8;2,65K;2,56%
05.10.2011;0,78;0,78;0,78;0,78;3,00K;5,41%
04.10.2011;0,74;0,74;0,74;0,74;2,00K;-8,64%
03.10.2011;0,81;0,81;0,81;0,81;10,00K;-10,00%
27.09.2011;0,9;0,9;0,9;0,9;6,72K;0,00%
23.09.2011;0,9;0,9;0,9;0,9;12,30K;1,12%
22.09.2011;0,89;0,93;0,93;0,89;16,03K;-9,18%
21.09.2011;0,98;0,98;0,98;0,98;21,24K;0,00%
20.09.2011;0,98;0,98;0,99;0,97;37,00K;0,00%
15.09.2011;0,98;0,98;0,98;0,98;5,00K;1,03%
12.09.2011;0,97;0,97;0,97;0,97;5,15K;-1,02%
08.09.2011;0,98;0,98;0,98;0,98;2,04K;0,00%
07.09.2011;0,98;0,97;0,98;0,97;7,92K;-2,00%
02.09.2011;1;1;1;1;2,40K;-0,99%
30.08.2011;1,01;1,01;1,01;1,01;15,00K;1,00%
29.08.2011;1;0,97;1;0,97;20,60K;5,26%
26.08.2011;0,95;0,95;0,95;0,95;5,00K;3,26%
24.08.2011;0,92;0,92;0,92;0,92;5,00K;-3,16%
19.08.2011;0,95;0,9;0,95;0,9;9,51K;5,56%
18.08.2011;0,9;0,98;0,98;0,9;20,35K;-10,00%
17.08.2011;1;1;1;1;7,00K;-2,91%
16.08.2011;1,03;1;1,03;1;3,43K;0,00%
12.08.2011;1,03;1,03;1,03;1;25,50K;1,98%
11.08.2011;1,01;1;1,01;1;10,95K;1,00%
10.08.2011;1;0,97;1;0,97;22,48K;-0,99%
05.08.2011;1,01;1;1,01;1;36,78K;-0,98%
04.08.2011;1,02;1,02;1,02;1,02;19,60K;0,00%
03.08.2011;1,02;1,03;1,03;1,02;22,15K;0,00%
02.08.2011;1,02;1,04;1,04;1,02;27,10K;-2,86%
01.08.2011;1,05;1,05;1,05;1,05;6,76K;0,00%
29.07.2011;1,05;1,05;1,05;1,05;9,80K;0,00%
28.07.2011;1,05;1,06;1,06;1,03;23,18K;-0,94%
27.07.2011;1,06;1,06;1,06;1,06;5,00K;0,00%
26.07.2011;1,06;1,06;1,06;1,06;11,00K;0,00%
25.07.2011;1,06;1,07;1,07;1,06;7,00K;0,00%
22.07.2011;1,06;1,06;1,06;1,06;12,01K;0,00%
20.07.2011;1,06;1,06;1,06;1,06;1,78K;0,00%
19.07.2011;1,06;1,06;1,06;1,06;1,78K;0,00%
18.07.2011;1,06;1,06;1,06;1,06;5,00K;-1,85%
15.07.2011;1,08;1,04;1,08;1,04;12,10K;0,00%
14.07.2011;1,08;1,08;1,08;1,08;3,00K;-1,82%
13.07.2011;1,1;1,09;1,1;1,09;2,80K;0,00%
12.07.2011;1,1;1,08;1,1;1,08;9,57K;1,85%
11.07.2011;1,08;1,1;1,1;1,08;17,95K;-4,42%
08.07.2011;1,13;1,1;1,13;1,1;18,60K;0,89%
07.07.2011;1,12;1,13;1,13;1,12;17,00K;0,00%
06.07.2011;1,12;1,12;1,12;1,12;3,00K;-1,75%
05.07.2011;1,14;1,14;1,15;1,14;22,34K;1,79%
04.07.2011;1,12;1,1;1,12;1,09;23,91K;2,75%
30.06.2011;1,09;1,09;1,09;1,09;9,97K;1,87%
29.06.2011;1,07;1,07;1,07;1,07;5,00K;0,00%
28.06.2011;1,07;1,07;1,07;1,07;15,05K;0,00%
27.06.2011;1,07;1,07;1,07;1,07;2,45K;0,00%
24.06.2011;1,07;1,07;1,07;1,07;5,19K;0,00%
22.06.2011;1,07;1,08;1,08;1,04;16,66K;0,00%
21.06.2011;1,07;1,05;1,07;1,05;7,17K;0,00%
17.06.2011;1,07;1,07;1,07;1,07;1,10K;0,00%
15.06.2011;1,07;1,09;1,09;1,07;10,63K;1,90%
13.06.2011;1,05;1,05;1,05;1,05;2,00K;-2,78%
10.06.2011;1,08;1,1;1,1;1,08;16,00K;-1,82%
09.06.2011;1,1;1,04;1,1;1,04;48,65K;5,77%
08.06.2011;1,04;1,06;1,06;1,04;20,09K;-0,95%
07.06.2011;1,05;1,05;1,05;1,04;6,00K;0,00%
06.06.2011;1,05;1,08;1,08;1,05;16,56K;-4,55%
03.06.2011;1,1;1,14;1,14;1,04;61,10K;-3,51%
02.06.2011;1,14;1,15;1,15;1,14;3,54K;-0,87%
01.06.2011;1,15;1,2;1,2;1,15;5,44K;-5,74%
31.05.2011;1,22;1,2;1,22;1,18;34,38K;-0,81%
27.05.2011;1,23;1,23;1,23;1,23;1,00K;2,50%
26.05.2011;1,2;1,31;1,31;1,2;26,21K;-3,23%
20.05.2011;1,24;1,22;1,24;1,2;16,00K;0,00%
19.05.2011;1,24;1,23;1,24;1,23;6,00K;-0,80%
18.05.2011;1,25;1,24;1,25;1,24;14,00K;0,00%
16.05.2011;1,25;1,26;1,26;1,21;12,00K;-1,57%
11.05.2011;1,27;1,26;1,27;1,24;32,51K;0,79%
10.05.2011;1,26;1,28;1,28;1,24;77,96K;0,00%
09.05.2011;1,26;1,32;1,32;1,26;72,15K;-6,67%
06.05.2011;1,35;1,32;1,35;1,31;41,52K;3,85%
05.05.2011;1,3;1,27;1,3;1,27;20,60K;0,00%
04.05.2011;1,3;1,27;1,3;1,27;28,80K;0,00%
03.05.2011;1,3;1,29;1,3;1,27;8,60K;0,78%
02.05.2011;1,29;1,27;1,29;1,27;9,08K;1,57%
29.04.2011;1,27;1,27;1,27;1,27;1,55K;-1,55%
28.04.2011;1,29;1,27;1,29;1,27;19,32K;0,00%
27.04.2011;1,29;1,25;1,29;1,25;211,31K;1,57%
26.04.2011;1,27;1,29;1,29;1,27;3,28K;-0,78%
25.04.2011;1,28;1,3;1,3;1,27;126,39K;0,79%
20.04.2011;1,27;1,3;1,3;1,27;32,35K;0,00%
19.04.2011;1,27;1,28;1,3;1,27;154,20K;0,00%
18.04.2011;1,27;1,29;1,29;1,27;35,76K;-3,79%
15.04.2011;1,32;1,31;1,32;1,3;112,45K;0,76%
13.04.2011;1,31;1,3;1,31;1,3;7,16K;0,00%
08.04.2011;1,31;1,3;1,31;1,3;13,55K;1,55%
07.04.2011;1,29;1,29;1,3;1,28;35,14K;0,00%
06.04.2011;1,29;1,28;1,3;1,27;74,96K;-0,77%
05.04.2011;1,3;1,3;1,3;1,3;10,20K;-2,26%
04.04.2011;1,33;1,3;1,33;1,3;20,50K;0,00%
01.04.2011;1,33;1,35;1,35;1,33;19,01K;0,00%
31.03.2011;1,33;1,33;1,33;1,33;0,91K;0,00%
30.03.2011;1,33;1,31;1,38;1,31;165,71K;2,31%
29.03.2011;1,3;1,3;1,3;1,3;6,70K;-1,52%
28.03.2011;1,32;1,32;1,33;1,3;24,47K;-3,65%
23.03.2011;1,37;1,3;1,37;1,3;25,32K;0,00%
22.03.2011;1,37;1,35;1,37;1,35;10,59K;-0,72%
21.03.2011;1,38;1,38;1,39;1,38;12,50K;3,76%
18.03.2011;1,33;1,33;1,33;1,33;3,00K;0,00%
17.03.2011;1,33;1,33;1,33;1,33;2,19K;1,53%
16.03.2011;1,31;1,32;1,32;1,27;50,50K;-0,76%
15.03.2011;1,32;1,32;1,35;1,28;35,00K;-6,38%
14.03.2011;1,41;1,41;1,41;1,39;5,99K;0,00%
11.03.2011;1,41;1,32;1,41;1,32;70,55K;2,92%
09.03.2011;1,37;1,38;1,38;1,35;14,82K;1,48%
04.03.2011;1,35;1,33;1,35;1,33;27,78K;1,50%
03.03.2011;1,33;1,32;1,33;1,32;6,00K;0,00%
02.03.2011;1,33;1,33;1,33;1,3;18,05K;0,00%
01.03.2011;1,33;1,33;1,33;1,33;7,02K;0,00%
28.02.2011;1,33;1,33;1,33;1,3;14,56K;2,31%
25.02.2011;1,3;1,3;1,3;1,29;55,52K;2,36%
24.02.2011;1,27;1,28;1,29;1,26;67,58K;-2,31%
23.02.2011;1,3;1,29;1,32;1,29;34,46K;-2,26%
22.02.2011;1,33;1,35;1,36;1,33;60,84K;-1,48%
21.02.2011;1,35;1,35;1,35;1,34;38,40K;0,75%
18.02.2011;1,34;1,34;1,34;1,34;2,50K;1,52%
17.02.2011;1,32;1,3;1,32;1,28;62,49K;-2,22%
16.02.2011;1,35;1,34;1,35;1,33;14,50K;0,75%
14.02.2011;1,34;1,31;1,34;1,31;5,16K;2,29%
11.02.2011;1,31;1,29;1,31;1,27;35,70K;-0,76%
10.02.2011;1,32;1,31;1,33;1,31;16,79K;-2,94%
09.02.2011;1,36;1,35;1,36;1,31;26,67K;0,00%
08.02.2011;1,36;1,34;1,36;1,33;9,80K;2,26%
07.02.2011;1,33;1,37;1,37;1,33;36,94K;-3,62%
04.02.2011;1,38;1,38;1,38;1,34;12,34K;-2,13%
03.02.2011;1,41;1,4;1,41;1,4;75,18K;-0,70%
02.02.2011;1,42;1,4;1,42;1,36;47,83K;1,43%
01.02.2011;1,4;1,39;1,4;1,39;40,32K;2,94%
31.01.2011;1,36;1,35;1,37;1,35;41,34K;-1,45%
28.01.2011;1,38;1,38;1,38;1,38;2,00K;-2,13%
27.01.2011;1,41;1,42;1,44;1,39;371,07K;0,71%
26.01.2011;1,4;1,4;1,4;1,35;59,18K;0,00%
24.01.2011;1,4;1,39;1,4;1,38;24,20K;0,00%
21.01.2011;1,4;1,45;1,45;1,4;33,93K;-0,71%
20.01.2011;1,41;1,42;1,45;1,41;78,98K;-1,40%
19.01.2011;1,43;1,45;1,45;1,41;230,29K;-1,38%
18.01.2011;1,45;1,5;1,5;1,42;47,71K;-2,68%
17.01.2011;1,49;1,49;1,5;1,48;36,41K;2,05%
14.01.2011;1,46;1,46;1,46;1,4;73,32K;1,39%
13.01.2011;1,44;1,5;1,5;1,44;130,04K;-4,64%
12.01.2011;1,51;1,54;1,54;1,5;157,21K;-1,31%
11.01.2011;1,53;1,54;1,64;1,53;36,97K;-0,65%
10.01.2011;1,54;1,49;1,54;1,48;40,37K;3,36%
07.01.2011;1,49;1,62;1,62;1,44;87,82K;-4,49%
06.01.2011;1,56;1,61;1,64;1,55;428,81K;-0,64%
05.01.2011;1,57;1,44;1,58;1,44;464,80K;9,03%
04.01.2011;1,44;1,45;1,47;1,41;190,29K;-0,69%
03.01.2011;1,45;1,36;1,45;1,36;295,96K;9,02%
30.12.2010;1,33;1,36;1,36;1,3;313,37K;-0,75%
29.12.2010;1,34;1,34;1,4;1,32;362,61K;1,52%
28.12.2010;1,32;1,27;1,32;1,26;519,53K;9,09%
27.12.2010;1,21;1,15;1,21;1,15;581,01K;10,00%
23.12.2010;1,1;1,03;1,18;1,03;1,01M;7,84%
22.12.2010;1,02;1,04;1,04;1;149,16K;-0,97%
21.12.2010;1,03;1,02;1,05;1;122,99K;0,98%
20.12.2010;1,02;1,05;1,06;1;164,03K;-3,77%
17.12.2010;1,06;1,08;1,09;1,04;97,10K;-3,64%
16.12.2010;1,1;1,08;1,11;1,07;377,54K;0,00%
15.12.2010;1,1;1,12;1,14;1,06;312,72K;0,00%
14.12.2010;1,1;1,02;1,15;1;422,24K;10,00%
13.12.2010;1;1,6;1,6;1;37,46K;14,55%
02.11.2009;0,873;0,873;0,873;0,873;5,04K;-2,24%
28.10.2009;0,893;0,913;0,913;0,893;18,14K;-4,29%
27.10.2009;0,933;0,923;0,933;0,923;9,95K;0,00%
26.10.2009;0,933;0,933;0,933;0,933;21,24K;1,08%
23.10.2009;0,923;0,933;0,933;0,923;12,06K;0,65%
22.10.2009;0,917;0,935;0,935;0,913;15,03K;-1,71%
21.10.2009;0,933;0,933;0,933;0,933;13,10K;-2,10%
20.10.2009;0,953;0,953;0,953;0,953;25,37K;1,06%
19.10.2009;0,943;0,972;0,972;0,943;59,70K;-1,05%
16.10.2009;0,953;0,953;0,957;0,953;11,36K;0,00%
15.10.2009;0,953;0,962;0,962;0,953;18,15K;-0,94%
14.10.2009;0,962;1,032;1,032;0,962;30,42K;0,94%
13.10.2009;0,953;0,953;0,953;0,943;27,17K;-1,95%
09.10.2009;0,972;0,957;0,972;0,957;41,14K;0,00%
08.10.2009;0,972;0,972;0,972;0,97;47,25K;1,99%
07.10.2009;0,953;0,992;0,992;0,953;84,84K;0,21%
06.10.2009;0,951;0,972;0,972;0,917;119,16K;6,49%
05.10.2009;0,893;0,853;0,893;0,853;72,76K;4,69%
02.10.2009;0,853;0,853;0,853;0,853;5,49K;0,00%
01.10.2009;0,853;0,853;0,853;0,853;6,55K;2,40%
30.09.2009;0,833;0,853;0,853;0,824;17,35K;-2,34%
29.09.2009;0,853;0,853;0,853;0,843;28,17K;1,19%
28.09.2009;0,843;0,853;0,873;0,843;116,96K;1,20%
25.09.2009;0,833;0,794;0,833;0,794;112,74K;1,59%
24.09.2009;0,82;0,824;0,824;0,82;27,06K;3,27%
23.09.2009;0,794;0,794;0,794;0,794;25,20K;0,00%
22.09.2009;0,794;0,794;0,794;0,774;42,00K;-4,45%
18.09.2009;0,831;0,833;0,833;0,83;11,92K;4,66%
17.09.2009;0,794;0,794;0,794;0,774;30,02K;-3,64%
16.09.2009;0,824;0,824;0,824;0,824;6,26K;3,78%
15.09.2009;0,794;0,794;0,794;0,774;14,12K;0,00%
09.09.2009;0,794;0,794;0,794;0,794;10,54K;0,00%
08.09.2009;0,794;0,794;0,794;0,794;20,28K;0,00%
04.09.2009;0,794;0,794;0,794;0,794;20,16K;0,00%
03.09.2009;0,794;0,794;0,794;0,794;2,48K;0,00%
02.09.2009;0,794;0,794;0,794;0,794;3,28K;4,75%
01.09.2009;0,758;0,758;0,758;0,758;4,54K;-9,00%
25.08.2009;0,833;0,833;0,833;0,833;8,32K;4,91%
24.08.2009;0,794;0,794;0,794;0,794;3,83K;2,58%
21.08.2009;0,774;0,774;0,774;0,774;2,02K;2,65%
20.08.2009;0,754;0,774;0,794;0,754;23,43K;0,00%
18.08.2009;0,754;0,754;0,754;0,754;6,05K;-2,58%
12.08.2009;0,774;0,794;0,794;0,774;13,61K;-2,52%
11.08.2009;0,794;0,794;0,794;0,794;1,68K;0,00%
10.08.2009;0,794;0,794;0,794;0,794;44,60K;0,00%
07.08.2009;0,794;0,794;0,794;0,784;28,58K;0,00%
06.08.2009;0,794;0,814;0,814;0,794;11,25K;-5,81%
05.08.2009;0,843;0,853;0,853;0,794;13,83K;1,20%
04.08.2009;0,833;0,824;0,833;0,824;30,00K;2,33%
03.08.2009;0,814;0,804;0,814;0,804;11,34K;2,52%
31.07.2009;0,794;0,794;0,794;0,794;39,81K;1,28%
29.07.2009;0,784;0,794;0,794;0,784;52,91K;-1,26%
28.07.2009;0,794;0,814;0,814;0,794;62,99K;-4,68%
27.07.2009;0,833;0,814;0,833;0,814;5,90K;1,83%
24.07.2009;0,818;0,814;0,833;0,814;16,18K;0,49%
23.07.2009;0,814;0,812;0,814;0,812;10,08K;5,17%
14.07.2009;0,774;0,774;0,774;0,774;2,27K;0,00%
08.07.2009;0,774;0,774;0,774;0,774;9,83K;-5,38%
07.07.2009;0,818;0,814;0,833;0,814;16,02K;2,51%
06.07.2009;0,798;0,814;0,814;0,798;14,85K;-1,97%
03.07.2009;0,814;0,814;0,814;0,814;1,51K;2,26%
02.07.2009;0,796;0,796;0,796;0,796;3,74K;0,25%
01.07.2009;0,794;0,794;0,794;0,794;5,38K;0,00%
29.06.2009;0,794;0,784;0,794;0,784;10,08K;5,31%
25.06.2009;0,754;0,754;0,754;0,754;2,43K;0,00%
24.06.2009;0,754;0,754;0,754;0,754;3,53K;1,34%
22.06.2009;0,744;0,794;0,794;0,72;47,29K;-3,88%
19.06.2009;0,774;0,774;0,774;0,774;7,62K;0,00%
18.06.2009;0,774;0,774;0,774;0,774;7,56K;0,00%
17.06.2009;0,774;0,774;0,774;0,774;5,04K;0,00%
16.06.2009;0,774;0,754;0,812;0,754;13,39K;-4,91%
12.06.2009;0,814;0,814;0,814;0,814;2,79K;2,52%
11.06.2009;0,794;0,794;0,794;0,794;1,32K;3,93%
09.06.2009;0,764;0,764;0,764;0,764;2,52K;-4,98%
05.06.2009;0,804;0,814;0,814;0,804;5,20K;-1,23%
04.06.2009;0,814;0,814;0,814;0,814;6,04K;2,52%
03.06.2009;0,794;0,792;0,794;0,792;11,72K;-4,68%
01.06.2009;0,833;0,833;0,833;0,833;6,05K;-2,34%
29.05.2009;0,853;0,794;0,853;0,794;5,34K;7,43%
28.05.2009;0,794;0,824;0,824;0,764;8,01K;-3,64%
27.05.2009;0,824;0,893;0,903;0,824;24,66K;-5,61%
26.05.2009;0,873;0,853;0,873;0,853;18,65K;2,34%
22.05.2009;0,853;0,833;0,853;0,833;14,11K;2,40%
21.05.2009;0,833;0,774;0,833;0,774;8,82K;0,00%
20.05.2009;0,833;0,814;0,833;0,814;9,57K;4,91%
19.05.2009;0,794;0,794;0,794;0,794;22,68K;0,00%
18.05.2009;0,794;0,814;0,814;0,794;39,36K;0,00%
15.05.2009;0,794;0,754;0,794;0,754;165,76K;5,31%
14.05.2009;0,754;0,754;0,754;0,754;14,30K;0,00%
13.05.2009;0,754;0,734;0,754;0,734;13,49K;0,00%
12.05.2009;0,754;0,774;0,814;0,754;82,48K;0,00%
11.05.2009;0,754;0,754;0,754;0,754;52,64K;0,00%
08.05.2009;0,754;0,754;0,754;0,754;63,04K;0,00%
07.05.2009;0,754;0,754;0,754;0,734;75,59K;2,72%
05.05.2009;0,734;0,734;0,734;0,734;10,08K;0,00%
04.05.2009;0,734;0,734;0,734;0,734;7,31K;0,00%
30.04.2009;0,734;0,714;0,734;0,714;6,05K;-5,17%
29.04.2009;0,774;0,714;0,774;0,714;4,95K;0,00%
14.04.2009;0,774;0,774;0,774;0,774;6,55K;2,65%
06.04.2009;0,754;0,754;0,754;0,754;4,43K;-9,48%
03.04.2009;0,833;0,754;0,833;0,754;4,54K;0,00%
30.03.2009;0,833;0,833;0,833;0,833;1,26K;0,00%
27.03.2009;0,833;0,833;0,833;0,833;10,58K;0,00%
18.03.2009;0,833;0,833;0,833;0,833;2,27K;7,62%
04.03.2009;0,774;0,774;0,774;0,774;1,50K;-2,52%
02.03.2009;0,794;0,794;0,794;0,794;1,46K;-9,05%
26.02.2009;0,873;0,873;0,873;0,873;1,51K;-8,39%
17.02.2009;0,953;0,953;0,953;0,953;2,02K;-9,41%
19.01.2009;1,052;1,052;1,052;1,052;2,26K;0,00%
13.01.2009;1,052;0,982;1,052;0,982;6,30K;6,05%
09.01.2009;0,992;0,992;0,992;0,992;3,02K;0,00%
08.01.2009;0,992;0,992;0,992;0,992;2,02K;-9,07%
05.01.2009;1,091;1,151;1,151;1,091;4,73K;0,00%
02.01.2009;1,091;1,091;1,091;1,091;17,72K;0,00%
30.12.2008;1,091;1,032;1,091;1,032;19,61K;8,23%
17.12.2008;1,008;1,008;1,008;1,008;2,52K;9,21%
11.12.2008;0,923;0,923;0,923;0,923;1,76K;-1,07%
10.12.2008;0,933;0,933;0,933;0,933;5,15K;9,38%
27.11.2008;0,853;0,863;0,863;0,853;7,06K;7,43%
11.11.2008;0,794;0,794;0,794;0,794;8,97K;-8,00%
27.10.2008;0,863;0,863;0,863;0,863;1,51K;-9,44%
24.10.2008;0,953;1,012;1,012;0,953;7,73K;-7,66%
17.10.2008;1,032;1,032;1,032;1,032;2,53K;0,00%
16.10.2008;1,032;1,032;1,032;1,012;8,06K;-5,41%
15.10.2008;1,091;1,091;1,091;1,091;2,52K;-12,72%
19.09.2008;1,25;1,25;1,25;1,25;1,76K;4,95%
17.09.2008;1,191;1,211;1,211;1,191;2,02K;-9,08%
15.09.2008;1,31;1,31;1,31;1,31;5,04K;-9,59%
08.09.2008;1,449;1,389;1,449;1,389;1,70K;-2,62%
02.09.2008;1,488;1,548;1,548;1,488;12,79K;-3,25%
01.09.2008;1,538;1,449;1,538;1,449;9,24K;6,14%
29.08.2008;1,449;1,449;1,449;1,449;3,18K;2,99%
28.08.2008;1,407;1,407;1,407;1,407;2,52K;4,30%
27.08.2008;1,349;1,349;1,349;1,349;2,52K;9,67%
25.08.2008;1,23;1,349;1,349;1,23;12,56K;-4,35%
20.08.2008;1,286;1,29;1,29;1,286;12,57K;-10,01%
01.08.2008;1,429;1,429;1,429;1,429;1,76K;0,00%
31.07.2008;1,429;1,429;1,429;1,429;5,04K;0,00%
28.07.2008;1,429;1,389;1,429;1,389;6,58K;-0,69%
24.07.2008;1,439;1,389;1,449;1,389;18,45K;3,60%
23.07.2008;1,389;1,33;1,389;1,33;20,41K;7,67%
21.07.2008;1,29;1,29;1,29;1,29;1,06K;8,31%
04.07.2008;1,191;1,151;1,191;1,151;4,84K;-2,38%
26.06.2008;1,22;1,22;1,22;1,22;1,51K;-5,43%
11.06.2008;1,29;1,29;1,29;1,29;1,51K;-9,09%
09.06.2008;1,419;1,419;1,419;1,419;4,21K;3,65%
06.06.2008;1,369;1,349;1,369;1,349;10,58K;-1,44%
05.06.2008;1,389;1,31;1,389;1,31;4,54K;6,03%
04.06.2008;1,31;1,29;1,31;1,29;2,77K;1,55%
03.06.2008;1,29;1,29;1,29;1,29;1,51K;0,00%
02.06.2008;1,29;1,29;1,29;1,29;1,51K;0,00%
30.05.2008;1,29;1,429;1,429;1,29;6,55K;-3,01%
28.05.2008;1,33;1,33;1,33;1,33;3,40K;1,53%
16.05.2008;1,31;1,31;1,31;1,31;2,13K;-5,69%
09.05.2008;1,389;1,389;1,389;1,389;2,02K;1,46%
07.05.2008;1,369;1,349;1,369;1,349;3,88K;-4,20%
28.04.2008;1,429;1,429;1,429;1,429;1,71K;0,00%
25.04.2008;1,429;1,429;1,429;1,429;1,51K;2,88%
22.04.2008;1,389;1,389;1,389;1,389;1,13K;-4,14%
17.04.2008;1,449;1,449;1,449;1,449;3,01K;-5,17%
18.03.2008;1,528;1,528;1,528;1,528;2,27K;0,00%
13.03.2008;1,528;1,548;1,548;1,528;3,08K;-6,08%
06.03.2008;1,627;1,588;1,627;1,588;5,04K;0,00%
05.03.2008;1,627;1,627;1,627;1,627;3,53K;6,48%
04.03.2008;1,528;1,548;1,548;1,488;65,62K;-9,43%
28.02.2008;1,687;1,707;1,707;1,687;5,84K;6,23%
21.02.2008;1,588;1,588;1,588;1,588;0,64K;-3,58%
15.02.2008;1,647;1,647;1,647;1,647;1,01K;0,00%
11.02.2008;1,647;1,647;1,647;1,647;0,69K;3,72%
01.02.2008;1,588;1,588;1,588;1,588;17,49K;-2,40%
31.01.2008;1,627;1,627;1,627;1,627;10,08K;-2,40%
29.01.2008;1,667;1,667;1,667;1,667;2,52K;1,21%
24.01.2008;1,647;1,647;1,647;1,647;1,51K;0,00%
22.01.2008;1,647;1,647;1,647;1,647;3,93K;-2,37%
15.01.2008;1,687;1,607;1,687;1,607;6,05K;4,98%
14.01.2008;1,607;1,687;1,687;1,588;8,82K;-6,89%
11.01.2008;1,726;1,726;1,726;1,726;6,38K;-2,27%
09.01.2008;1,766;1,766;1,766;1,766;1,88K;0,00%
08.01.2008;1,766;1,766;1,766;1,766;3,01K;-2,21%
04.01.2008;1,806;1,786;1,806;1,786;10,08K;2,27%
18.12.2007;1,766;1,766;1,766;1,766;3,44K;-3,29%
17.12.2007;1,826;1,826;1,826;1,826;5,45K;0,00%
14.12.2007;1,826;1,826;1,826;1,826;3,53K;2,24%
13.12.2007;1,786;1,786;1,786;1,786;10,28K;0,00%
12.12.2007;1,786;1,846;1,846;1,786;4,23K;-2,19%
11.12.2007;1,826;1,826;1,846;1,826;22,42K;4,58%
07.12.2007;1,746;1,746;1,746;1,746;15,51K;-2,24%
06.12.2007;1,786;1,766;1,786;1,766;12,14K;4,63%
05.12.2007;1,707;1,667;1,707;1,667;15,23K;3,64%
03.12.2007;1,647;1,647;1,647;1,647;1,01K;0,00%
30.11.2007;1,647;1,647;1,647;1,647;3,00K;0,00%
29.11.2007;1,647;1,647;1,647;1,647;1,01K;1,23%
28.11.2007;1,627;1,627;1,627;1,627;7,56K;0,00%
27.11.2007;1,627;1,687;1,687;1,627;4,30K;-6,82%
26.11.2007;1,746;1,746;1,746;1,746;3,05K;0,00%
23.11.2007;1,746;1,647;1,746;1,627;10,83K;-2,24%
16.11.2007;1,786;1,786;1,786;1,786;2,92K;0,00%
14.11.2007;1,786;1,786;1,786;1,786;2,01K;-5,25%
12.11.2007;1,885;1,786;1,885;1,786;1,63K;4,37%
09.11.2007;1,806;1,865;1,865;1,786;23,41K;-3,16%
08.11.2007;1,865;1,885;1,885;1,865;7,90K;-6,00%
07.11.2007;1,984;1,984;1,984;1,965;3,38K;0,00%
05.11.2007;1,984;1,984;1,984;1,984;5,27K;0,00%
02.11.2007;1,984;1,984;1,984;1,984;0,76K;0,00%
01.11.2007;1,984;1,945;1,984;1,945;17,50K;0,00%
31.10.2007;1,984;1,984;1,984;1,945;5,43K;0,00%
30.10.2007;1,984;1,925;2,004;1,925;29,50K;2,11%
29.10.2007;1,943;1,806;1,943;1,806;79,29K;10,02%
26.10.2007;1,766;1,786;1,786;1,766;6,12K;-1,12%
25.10.2007;1,786;1,786;1,786;1,786;1,97K;1,13%
24.10.2007;1,766;1,766;1,766;1,766;7,78K;0,00%
22.10.2007;1,766;1,786;1,786;1,766;5,40K;-1,12%
19.10.2007;1,786;1,786;1,786;1,786;7,66K;3,48%
18.10.2007;1,726;1,746;1,766;1,726;8,55K;-3,36%
17.10.2007;1,786;1,786;1,786;1,786;11,69K;2,29%
16.10.2007;1,746;1,746;1,746;1,746;1,66K;2,28%
12.10.2007;1,707;1,687;1,726;1,687;42,21K;1,19%
11.10.2007;1,687;1,687;1,687;1,685;15,22K;0,00%
10.10.2007;1,687;1,687;1,687;1,687;1,17K;0,12%
09.10.2007;1,685;1,687;1,687;1,685;7,56K;-0,12%
08.10.2007;1,687;1,687;1,687;1,687;18,04K;0,00%
05.10.2007;1,687;1,687;1,687;1,687;12,09K;0,00%
04.10.2007;1,687;1,687;1,687;1,687;3,53K;-2,20%
02.10.2007;1,725;1,726;1,726;1,717;48,88K;0,47%
01.10.2007;1,717;1,687;1,726;1,687;102,39K;2,02%
28.09.2007;1,683;1,687;1,687;1,683;26,78K;-0,12%
26.09.2007;1,685;1,687;1,687;1,685;7,16K;0,00%
24.09.2007;1,685;1,685;1,685;1,685;8,57K;0,00%
21.09.2007;1,685;1,687;1,687;1,667;22,69K;-0,12%
20.09.2007;1,687;1,687;1,687;1,687;10,08K;0,00%
19.09.2007;1,687;1,707;1,707;1,687;31,61K;0,00%
18.09.2007;1,687;1,687;1,687;1,687;5,04K;0,00%
13.09.2007;1,687;1,687;1,687;1,687;1,01K;-1,06%
12.09.2007;1,705;1,707;1,707;1,705;3,38K;1,07%
11.09.2007;1,687;1,717;1,717;1,687;3,53K;-1,75%
10.09.2007;1,717;1,667;1,717;1,667;2,17K;1,90%
06.09.2007;1,685;1,627;1,685;1,627;4,64K;-0,12%
05.09.2007;1,687;1,687;1,687;1,687;0,61K;0,00%
03.09.2007;1,687;1,687;1,687;1,687;4,03K;0,00%
31.08.2007;1,687;1,707;1,707;1,588;30,20K;-2,20%
30.08.2007;1,725;1,687;1,725;1,647;9,63K;-0,98%
27.08.2007;1,742;1,746;1,746;1,742;8,51K;-0,11%
24.08.2007;1,744;1,786;1,786;1,744;7,31K;-2,35%
23.08.2007;1,786;1,806;1,806;1,786;7,07K;-2,19%
22.08.2007;1,826;1,826;1,826;1,826;7,56K;0,00%
21.08.2007;1,826;1,826;1,826;1,826;1,56K;0,00%
15.08.2007;1,826;1,905;1,905;1,826;27,19K;-4,15%
14.08.2007;1,905;1,905;1,905;1,905;1,01K;-3,98%
13.08.2007;1,984;1,965;1,984;1,965;14,53K;4,15%
10.08.2007;1,905;1,826;1,905;1,826;9,88K;-3,98%
08.08.2007;1,984;1,984;1,984;1,984;3,79K;6,38%
03.08.2007;1,865;1,865;1,865;1,865;1,76K;-4,11%
01.08.2007;1,945;1,905;1,945;1,905;5,26K;-1,97%
31.07.2007;1,984;1,984;1,984;1,984;6,30K;0,00%
30.07.2007;1,984;1,984;1,984;1,984;7,81K;0,00%
26.07.2007;1,984;1,984;1,984;1,984;0,50K;0,00%
25.07.2007;1,984;1,984;1,984;1,984;2,52K;0,00%
24.07.2007;1,984;2,024;2,024;1,984;14,46K;0,00%
23.07.2007;1,984;1,984;1,984;1,984;2,27K;0,00%
20.07.2007;1,984;1,984;1,984;1,984;1,51K;0,00%
19.07.2007;1,984;1,984;1,984;1,984;0,55K;2,01%
18.07.2007;1,945;1,984;1,984;1,945;8,82K;-1,97%
17.07.2007;1,984;1,984;1,984;1,984;0,50K;0,00%
16.07.2007;1,984;1,981;1,984;1,981;1,05K;0,00%
12.07.2007;1,984;2,084;2,084;1,984;6,38K;-2,94%
11.07.2007;2,044;2,044;2,044;2,044;0,72K;5,09%
10.07.2007;1,945;1,945;1,945;1,945;0,78K;2,10%
06.07.2007;1,905;2,084;2,084;1,905;15,12K;-8,59%
05.07.2007;2,084;2,064;2,084;2,044;4,03K;-0,95%
04.07.2007;2,104;2,044;2,104;2,044;3,54K;3,95%
03.07.2007;2,024;1,984;2,024;1,965;8,03K;-0,98%
02.07.2007;2,044;2,044;2,044;2,044;1,26K;0,00%
29.06.2007;2,044;2,044;2,044;2,044;2,02K;0,00%
28.06.2007;2,044;2,044;2,044;1,984;6,32K;0,00%
27.06.2007;2,044;1,945;2,044;1,945;5,54K;-0,97%
26.06.2007;2,064;1,925;2,064;1,925;6,65K;0,00%
25.06.2007;2,064;2,004;2,064;2,004;4,13K;4,03%
22.06.2007;1,984;1,984;1,984;1,984;5,04K;-2,94%
21.06.2007;2,044;2,104;2,104;1,984;14,82K;-0,97%
20.06.2007;2,064;2,044;2,064;1,984;7,51K;-3,69%
15.06.2007;2,143;2,143;2,143;2,143;0,50K;0,00%
14.06.2007;2,143;2,024;2,143;2,024;12,04K;4,84%
13.06.2007;2,044;2,044;2,044;2,044;1,52K;0,99%
12.06.2007;2,024;2,064;2,064;1,984;6,05K;-1,94%
11.06.2007;2,064;2,064;2,064;2,064;0,50K;-0,96%
08.06.2007;2,084;2,084;2,084;2,084;0,50K;0,00%
07.06.2007;2,084;2,084;2,084;2,084;0,50K;0,97%
06.06.2007;2,064;2,064;2,064;2,064;1,01K;-1,90%
05.06.2007;2,104;2,044;2,104;2,044;2,89K;2,94%
04.06.2007;2,044;2,104;2,104;2,044;10,58K;-2,85%
01.06.2007;2,104;2,104;2,104;2,104;1,01K;0,00%
31.05.2007;2,104;2,104;2,104;1,984;11,54K;0,00%
30.05.2007;2,104;2,104;2,104;2,084;2,07K;-1,82%
29.05.2007;2,143;2,064;2,143;2,064;5,53K;3,83%
28.05.2007;2,064;2,064;2,064;2,064;0,50K;-0,96%
24.05.2007;2,084;2,084;2,084;2,084;4,79K;-0,95%
23.05.2007;2,104;2,044;2,104;2,044;12,62K;2,94%
22.05.2007;2,044;2,044;2,064;2,044;3,88K;-0,97%
21.05.2007;2,064;2,064;2,064;2,064;6,55K;0,00%
18.05.2007;2,064;2,064;2,064;2,064;0,51K;0,00%
17.05.2007;2,064;2,064;2,064;2,044;4,11K;4,03%
16.05.2007;1,984;1,826;1,984;1,826;10,58K;5,25%
15.05.2007;1,885;2,024;2,024;1,885;60,43K;-12,04%
14.05.2007;2,143;2,024;2,143;1,945;31,06K;0,00%
11.05.2007;2,143;2,163;2,163;1,945;21,95K;0,00%
10.05.2007;2,143;2,143;2,143;2,143;0,50K;-0,92%
09.05.2007;2,163;2,163;2,163;2,163;1,54K;0,00%
08.05.2007;2,163;2,143;2,163;2,104;14,22K;-0,92%
07.05.2007;2,183;2,223;2,223;2,183;1,66K;0,92%
04.05.2007;2,163;2,223;2,223;2,163;5,54K;-0,92%
02.05.2007;2,183;2,223;2,223;2,183;3,98K;-1,80%
30.04.2007;2,223;2,223;2,223;2,223;0,50K;2,77%
27.04.2007;2,163;2,242;2,242;2,143;10,99K;-1,82%
26.04.2007;2,203;2,203;2,203;2,183;6,60K;-1,74%
25.04.2007;2,242;2,203;2,242;2,203;3,78K;-0,88%
24.04.2007;2,262;2,242;2,262;2,203;9,32K;0,89%
23.04.2007;2,242;2,183;2,242;2,183;20,03K;1,77%
20.04.2007;2,203;2,183;2,203;2,183;14,56K;0,92%
19.04.2007;2,183;2,183;2,183;2,183;12,35K;-1,80%
18.04.2007;2,223;2,223;2,223;2,223;1,66K;-1,72%
17.04.2007;2,262;2,242;2,262;2,242;9,07K;0,89%
16.04.2007;2,242;2,104;2,242;2,104;45,70K;7,58%
13.04.2007;2,084;2,044;2,084;2,044;14,36K;1,96%
12.04.2007;2,044;2,044;2,044;2,044;5,49K;0,99%
11.04.2007;2,024;2,024;2,024;2,024;8,40K;0,00%
10.04.2007;2,024;2,024;2,024;2,004;2,52K;0,00%
09.04.2007;2,024;1,984;2,024;1,984;11,34K;-1,94%
04.04.2007;2,064;2,064;2,064;2,064;2,98K;0,98%
03.04.2007;2,044;2,024;2,044;1,984;8,82K;0,99%
30.03.2007;2,024;2,004;2,024;2,004;4,03K;1,00%
29.03.2007;2,004;2,024;2,024;1,945;10,38K;-0,99%
28.03.2007;2,024;2,024;2,024;1,806;10,08K;1,00%
27.03.2007;2,004;1,984;2,004;1,984;1,52K;-0,99%
26.03.2007;2,024;1,984;2,024;1,984;6,55K;2,02%
23.03.2007;1,984;1,984;1,984;1,984;0,50K;-1,00%
22.03.2007;2,004;2,004;2,004;2,004;0,50K;1,01%
21.03.2007;1,984;1,984;1,984;1,984;10,58K;0,00%
20.03.2007;1,984;1,984;1,984;1,984;0,50K;-1,00%
19.03.2007;2,004;2,004;2,004;2,004;0,50K;0,00%
16.03.2007;2,004;2,004;2,004;2,004;0,50K;0,00%
15.03.2007;2,004;2,004;2,004;2,004;0,50K;0,00%
14.03.2007;2,004;2,004;2,004;2,004;0,76K;-0,99%
13.03.2007;2,024;2,024;2,024;2,024;0,50K;0,00%
12.03.2007;2,024;1,984;2,024;1,984;5,52K;0,00%
09.03.2007;2,024;2,024;2,024;2,024;0,50K;2,02%
08.03.2007;1,984;1,984;1,984;1,984;2,27K;2,01%
07.03.2007;1,945;1,945;1,945;1,945;2,47K;0,00%
06.03.2007;1,945;1,945;1,945;1,945;2,57K;3,18%
05.03.2007;1,885;1,885;1,885;1,885;1,01K;-4,99%
02.03.2007;1,984;1,984;1,984;1,984;1,76K;-1,98%
28.02.2007;2,024;2,024;2,064;2,024;2,27K;-1,94%
27.02.2007;2,064;2,044;2,064;1,925;3,63K;1,98%
26.02.2007;2,024;2,064;2,104;2,024;2,82K;-2,88%
23.02.2007;2,084;2,084;2,084;2,084;0,50K;-0,95%
22.02.2007;2,104;2,044;2,104;2,044;9,83K;2,94%
21.02.2007;2,044;2,064;2,064;1,984;17,56K;-0,97%
20.02.2007;2,064;2,064;2,064;2,044;5,00K;0,00%
19.02.2007;2,064;2,024;2,064;2,004;26,23K;1,98%
16.02.2007;2,024;1,984;2,024;1,945;8,06K;1,00%
15.02.2007;2,004;2,004;2,004;2,004;0,50K;-0,99%
14.02.2007;2,024;2,024;2,024;2,024;0,50K;0,00%
13.02.2007;2,024;1,984;2,024;1,965;7,26K;2,02%
12.02.2007;1,984;2,004;2,024;1,984;14,58K;0,00%
09.02.2007;1,984;1,965;1,984;1,885;8,54K;0,97%
08.02.2007;1,965;1,865;1,965;1,865;5,24K;5,36%
07.02.2007;1,865;1,846;1,865;1,846;12,37K;2,14%
06.02.2007;1,826;1,826;1,826;1,826;8,65K;-1,08%
05.02.2007;1,846;1,786;1,846;1,746;8,03K;0,00%
02.02.2007;1,846;1,846;1,846;1,786;4,76K;1,10%
01.02.2007;1,826;1,826;1,826;1,786;8,77K;0,00%
31.01.2007;1,826;1,826;1,826;1,826;0,61K;0,00%
30.01.2007;1,826;1,826;1,826;1,826;0,66K;-1,08%
29.01.2007;1,846;1,855;1,855;1,826;4,64K;-0,49%
26.01.2007;1,855;1,855;1,855;1,855;0,66K;1,59%
25.01.2007;1,826;1,826;1,826;1,826;5,04K;1,67%
24.01.2007;1,796;1,796;1,796;1,796;0,73K;-0,55%
23.01.2007;1,806;1,806;1,806;1,786;6,18K;0,00%
22.01.2007;1,806;1,746;1,806;1,746;19,40K;2,27%
19.01.2007;1,766;1,766;1,766;1,726;5,80K;0,00%
18.01.2007;1,766;1,766;1,766;1,766;4,18K;1,15%
16.01.2007;1,746;1,756;1,756;1,746;3,84K;-1,13%
15.01.2007;1,766;1,746;1,766;1,746;2,51K;1,26%
12.01.2007;1,744;1,744;1,744;1,744;6,05K;-0,11%
11.01.2007;1,746;1,687;1,756;1,687;5,64K;-1,13%
10.01.2007;1,766;1,766;1,766;1,766;1,80K;1,15%
09.01.2007;1,746;1,766;1,766;1,746;6,40K;-1,13%
08.01.2007;1,766;1,746;1,786;1,746;7,19K;7,23%
05.01.2007;1,647;1,746;1,746;1,647;21,42K;-4,58%
04.01.2007;1,726;1,687;1,726;1,667;8,02K;1,11%
03.01.2007;1,707;1,756;1,756;1,707;15,57K;-2,79%
02.01.2007;1,756;1,766;1,766;1,756;3,63K;1,74%
28.12.2006;1,726;1,687;1,726;1,687;5,69K;1,11%
27.12.2006;1,707;1,707;1,707;1,707;2,04K;0,00%
26.12.2006;1,707;1,707;1,707;1,607;10,56K;-1,10%
22.12.2006;1,726;1,687;1,726;1,687;5,24K;1,71%
20.12.2006;1,697;1,697;1,707;1,697;14,77K;0,59%
19.12.2006;1,687;1,647;1,687;1,647;14,06K;2,43%
18.12.2006;1,647;1,627;1,647;1,627;9,07K;2,49%
15.12.2006;1,607;1,588;1,607;1,588;9,27K;3,81%
14.12.2006;1,548;1,548;1,548;1,548;9,52K;0,00%
13.12.2006;1,548;1,528;1,548;1,528;5,04K;1,31%
12.12.2006;1,528;1,528;1,528;1,528;6,55K;0,00%
11.12.2006;1,528;1,508;1,528;1,508;6,02K;0,00%
07.12.2006;1,528;1,508;1,528;1,488;10,96K;2,69%
06.12.2006;1,488;1,469;1,488;1,469;6,55K;0,00%
05.12.2006;1,488;1,439;1,488;1,439;7,86K;3,41%
04.12.2006;1,439;1,429;1,439;1,429;28,47K;3,60%
01.12.2006;1,389;1,389;1,449;1,389;18,14K;-7,89%
30.11.2006;1,508;1,349;1,508;1,349;25,70K;8,57%
27.11.2006;1,389;1,389;1,389;1,389;5,19K;0,00%
24.11.2006;1,389;1,349;1,389;1,349;21,31K;2,97%
23.11.2006;1,349;1,349;1,349;1,33;7,06K;0,00%
20.11.2006;1,349;1,349;1,349;1,349;1,26K;0,00%
16.11.2006;1,349;1,369;1,369;1,349;3,16K;-1,46%
15.11.2006;1,369;1,389;1,389;1,369;4,18K;-1,44%
14.11.2006;1,389;1,389;1,389;1,389;12,95K;0,00%
13.11.2006;1,389;1,349;1,389;1,349;8,47K;-0,71%
09.11.2006;1,399;1,399;1,399;1,399;1,51K;-0,71%
08.11.2006;1,409;1,389;1,409;1,389;7,24K;2,18%
07.11.2006;1,379;1,389;1,389;1,379;6,00K;-0,72%
03.11.2006;1,389;1,29;1,389;1,27;15,43K;4,44%
02.11.2006;1,33;1,389;1,389;1,33;10,77K;-4,25%
31.10.2006;1,389;1,409;1,409;1,389;6,80K;-1,42%
30.10.2006;1,409;1,389;1,409;1,389;24,74K;4,45%
26.10.2006;1,349;1,33;1,359;1,33;22,98K;1,43%
25.10.2006;1,33;1,29;1,33;1,29;5,04K;3,10%
23.10.2006;1,29;1,29;1,29;1,29;2,52K;0,00%
18.10.2006;1,29;1,29;1,29;1,29;3,53K;3,20%
17.10.2006;1,25;1,25;1,25;1,25;21,15K;0,00%
13.10.2006;1,25;1,25;1,25;1,25;2,52K;-1,57%
12.10.2006;1,27;1,27;1,27;1,27;1,53K;3,25%
11.10.2006;1,23;1,23;1,23;1,23;14,11K;-3,15%
10.10.2006;1,27;1,29;1,389;1,25;28,10K;0,16%
09.10.2006;1,268;1,29;1,33;1,268;46,45K;1,93%
06.10.2006;1,244;1,135;1,244;1,135;20,61K;9,99%
03.10.2006;1,131;1,091;1,131;1,091;44,75K;1,80%
29.09.2006;1,111;1,091;1,111;1,091;12,09K;0,00%
27.09.2006;1,111;1,111;1,111;1,111;15,12K;3,64%
26.09.2006;1,072;1,072;1,072;1,072;0,50K;0,00%
25.09.2006;1,072;1,072;1,072;1,072;0,50K;-1,74%
21.09.2006;1,091;1,111;1,111;1,091;16,73K;-3,54%
20.09.2006;1,131;1,131;1,131;1,131;7,56K;0,00%
18.09.2006;1,131;1,111;1,131;1,111;5,04K;1,80%
15.09.2006;1,111;1,111;1,111;1,111;2,52K;-1,77%
14.09.2006;1,131;1,131;1,131;1,131;5,04K;-1,74%
07.09.2006;1,151;1,151;1,151;1,151;5,04K;0,00%
06.09.2006;1,151;1,171;1,171;1,151;20,16K;-1,71%
05.09.2006;1,171;1,151;1,171;1,151;90,70K;3,54%
01.09.2006;1,131;1,171;1,171;1,131;15,12K;-1,74%
29.08.2006;1,151;1,151;1,151;1,151;9,49K;-3,36%
23.08.2006;1,191;1,191;1,191;1,191;15,12K;0,00%
22.08.2006;1,191;1,191;1,191;1,191;0,76K;-1,65%
18.08.2006;1,211;1,211;1,211;1,211;16,44K;1,68%
17.08.2006;1,191;1,191;1,191;1,191;2,62K;-3,17%
16.08.2006;1,23;1,27;1,27;1,211;42,83K;-3,15%
15.08.2006;1,27;1,31;1,31;1,27;3,65K;-5,86%
10.08.2006;1,349;1,367;1,367;1,349;16,63K;1,43%
09.08.2006;1,33;1,389;1,389;1,33;7,74K;-4,25%
02.08.2006;1,389;1,389;1,389;1,389;5,04K;0,00%
01.08.2006;1,389;1,389;1,389;1,389;5,04K;4,44%
28.07.2006;1,33;1,33;1,33;1,33;1,01K;-5,61%
27.07.2006;1,409;1,409;1,409;1,33;20,90K;0,00%
26.07.2006;1,409;1,389;1,409;1,389;20,16K;1,44%
25.07.2006;1,389;1,389;1,389;1,389;0,76K;-4,14%
13.07.2006;1,449;1,488;1,488;1,449;15,27K;2,84%
10.07.2006;1,409;1,469;1,488;1,409;20,66K;-1,40%
07.07.2006;1,429;1,389;1,429;1,389;52,33K;5,93%
06.07.2006;1,349;1,349;1,349;1,349;0,76K;-5,60%
03.07.2006;1,429;1,389;1,429;1,369;8,06K;2,88%
28.06.2006;1,389;1,389;1,389;1,389;1,76K;0,00%
26.06.2006;1,389;1,389;1,389;1,389;1,51K;-6,65%
23.06.2006;1,488;1,488;1,488;1,488;8,36K;0,00%
22.06.2006;1,488;1,488;1,488;1,488;2,85K;4,13%
16.06.2006;1,429;1,429;1,429;1,429;0,50K;0,00%
14.06.2006;1,429;1,508;1,508;1,429;10,49K;-3,97%
13.06.2006;1,488;1,488;1,488;1,449;9,39K;-3,88%
09.06.2006;1,548;1,548;1,548;1,548;0,37K;-2,52%
05.06.2006;1,588;1,588;1,588;1,588;1,01K;0,00%
02.06.2006;1,588;1,588;1,588;1,588;2,52K;0,00%
29.05.2006;1,588;1,588;1,588;1,588;2,77K;0,00%
26.05.2006;1,588;1,588;1,588;1,588;5,04K;0,00%
24.05.2006;1,588;1,588;1,588;1,588;0,76K;-5,87%
23.05.2006;1,687;1,687;1,687;1,687;1,01K;3,05%
19.05.2006;1,637;1,637;1,637;1,637;1,51K;0,00%
17.05.2006;1,637;1,598;1,647;1,598;6,42K;3,09%
16.05.2006;1,588;1,687;1,687;1,588;3,98K;-5,87%
15.05.2006;1,687;1,687;1,687;1,687;5,04K;-3,38%
11.05.2006;1,746;1,766;1,786;1,746;16,78K;-2,24%
10.05.2006;1,786;1,786;1,786;1,786;5,04K;-6,25%
09.05.2006;1,905;1,846;1,905;1,846;2,52K;1,06%
08.05.2006;1,885;1,925;1,925;1,885;2,52K;-2,08%
05.05.2006;1,925;1,925;1,925;1,925;2,27K;-1,03%
04.05.2006;1,945;1,905;1,965;1,905;16,31K;0,00%
03.05.2006;1,945;1,945;1,945;1,945;4,23K;0,00%
02.05.2006;1,945;1,925;1,965;1,925;34,62K;4,29%
27.04.2006;1,865;1,826;1,865;1,806;9,71K;1,03%
26.04.2006;1,846;1,865;1,865;1,786;12,65K;3,36%
25.04.2006;1,786;1,766;1,786;1,766;9,76K;0,00%
24.04.2006;1,786;1,846;1,846;1,786;3,02K;-6,25%
20.04.2006;1,905;1,905;1,905;1,905;1,78K;2,14%
19.04.2006;1,865;1,925;1,925;1,865;5,28K;-3,12%
18.04.2006;1,925;1,925;1,925;1,925;3,04K;0,00%
17.04.2006;1,925;1,885;1,925;1,885;6,29K;6,59%
11.04.2006;1,806;1,885;1,885;1,786;6,05K;-6,18%
07.04.2006;1,925;1,905;1,925;1,905;2,52K;-1,03%
06.04.2006;1,945;1,945;1,945;1,945;9,53K;0,00%
03.04.2006;1,945;1,945;1,945;1,945;1,89K;-1,97%
30.03.2006;1,984;1,984;1,984;1,984;1,26K;0,00%
28.03.2006;1,984;1,984;1,984;1,984;0,01K;0,00%
27.03.2006;1,984;1,984;1,984;1,984;4,99K;2,01%
23.03.2006;1,945;1,885;1,945;1,885;3,02K;2,10%
22.03.2006;1,905;1,965;1,965;1,905;3,75K;-2,06%
21.03.2006;1,945;1,945;1,984;1,945;6,01K;2,10%
20.03.2006;1,905;1,945;1,965;1,885;36,28K;2,14%
17.03.2006;1,865;1,726;1,865;1,726;14,47K;10,55%
16.03.2006;1,687;1,687;1,687;1,687;1,50K;0,00%
15.03.2006;1,687;1,707;1,707;1,687;3,29K;-3,38%
14.03.2006;1,746;1,687;1,766;1,687;4,54K;0,00%
10.03.2006;1,746;1,746;1,746;1,746;1,51K;-2,24%
09.03.2006;1,786;1,786;1,786;1,786;1,51K;2,29%
08.03.2006;1,746;1,746;1,746;1,746;7,27K;-2,24%
07.03.2006;1,786;1,846;1,846;1,786;10,34K;-4,24%
06.03.2006;1,865;1,865;1,865;1,865;2,62K;0,00%
03.03.2006;1,865;1,895;1,895;1,865;7,81K;-1,06%
02.03.2006;1,885;1,885;1,885;1,885;4,78K;1,07%
01.03.2006;1,865;1,786;1,865;1,786;46,60K;-6,00%
28.02.2006;1,984;2,004;2,004;1,984;8,08K;-1,00%
27.02.2006;2,004;2,004;2,004;2,004;1,01K;1,01%
23.02.2006;1,984;1,984;1,984;1,984;2,33K;0,00%
22.02.2006;1,984;1,984;1,984;1,984;2,52K;-1,98%
21.02.2006;2,024;2,104;2,104;2,024;6,55K;2,02%
20.02.2006;1,984;2,004;2,044;1,984;29,13K;-1,00%
17.02.2006;2,004;1,984;2,004;1,984;8,62K;-2,91%
13.02.2006;2,064;2,024;2,064;2,024;5,18K;0,00%
09.02.2006;2,064;2,024;2,064;1,984;3,02K;0,00%
06.02.2006;2,064;2,064;2,064;2,064;3,63K;0,00%
03.02.2006;2,064;2,064;2,104;2,064;40,11K;-5,45%
27.01.2006;2,183;2,183;2,183;2,183;4,94K;0,00%
26.01.2006;2,183;2,163;2,183;2,143;34,12K;0,92%
24.01.2006;2,163;2,163;2,163;2,163;8,40K;0,00%
23.01.2006;2,163;2,242;2,242;2,163;2,77K;-4,38%
20.01.2006;2,262;2,262;2,262;2,262;1,51K;1,75%
19.01.2006;2,223;2,223;2,223;2,223;2,52K;1,83%
18.01.2006;2,183;2,183;2,203;2,183;57,68K;0,00%
17.01.2006;2,183;2,183;2,183;2,183;11,82K;-1,80%
16.01.2006;2,223;2,223;2,282;2,183;23,16K;1,83%
13.01.2006;2,183;2,084;2,203;2,084;7,76K;4,75%
12.01.2006;2,084;2,044;2,123;2,044;177,53K;-6,25%
11.01.2006;2,223;2,223;2,223;2,223;1,61K;-0,85%
09.01.2006;2,242;2,242;2,242;2,242;1,76K;6,56%
06.01.2006;2,104;2,004;2,104;2,004;3,18K;4,99%
05.01.2006;2,004;2,183;2,183;2,004;12,85K;-8,20%
04.01.2006;2,183;2,183;2,183;2,183;9,32K;0,00%
03.01.2006;2,183;2,203;2,203;2,183;6,84K;0,00%
02.01.2006;2,183;2,203;2,381;2,183;68,18K;0,00%
29.12.2005;2,183;1,965;2,183;1,965;48,53K;20,87%
28.12.2005;1,806;1,806;1,806;1,806;8,82K;3,44%
27.12.2005;1,746;1,746;1,746;1,746;10,08K;-2,24%
21.12.2005;1,786;1,786;1,786;1,786;5,04K;0,00%
20.12.2005;1,786;1,786;1,786;1,786;6,58K;-5,25%
16.12.2005;1,885;1,885;1,885;1,885;8,62K;0,00%
13.12.2005;1,885;1,885;1,885;1,885;1,36K;0,00%
12.12.2005;1,885;1,885;1,885;1,885;11,20K;-3,08%
09.12.2005;1,945;1,984;1,984;1,905;23,70K;-4,84%
07.12.2005;2,044;2,123;2,123;1,984;20,66K;-2,85%
02.12.2005;2,104;2,104;2,104;2,104;10,93K;0,00%
01.12.2005;2,104;2,143;2,183;2,084;11,73K;0,96%
30.11.2005;2,084;2,163;2,163;2,084;9,41K;-1,84%
29.11.2005;2,123;2,183;2,183;2,084;8,72K;-1,85%
28.11.2005;2,163;2,084;2,163;2,084;11,44K;-4,38%
25.11.2005;2,262;2,183;2,282;2,183;33,16K;3,62%
24.11.2005;2,183;2,183;2,183;2,183;10,08K;4,75%
23.11.2005;2,084;2,183;2,183;2,084;12,35K;-2,75%
22.11.2005;2,143;2,183;2,242;2,143;9,73K;0,00%
21.11.2005;2,143;2,143;2,143;2,143;4,03K;2,83%
18.11.2005;2,084;2,084;2,084;2,084;10,17K;0,00%
17.11.2005;2,084;2,064;2,084;2,024;10,61K;2,96%
16.11.2005;2,024;2,024;2,024;2,024;0,86K;-1,94%
15.11.2005;2,064;2,064;2,064;2,064;5,04K;-5,45%
14.11.2005;2,183;2,084;2,183;2,084;12,35K;5,77%
11.11.2005;2,064;2,064;2,064;2,004;21,16K;0,00%
10.11.2005;2,064;1,984;2,064;1,984;18,95K;-13,31%
08.11.2005;2,381;2,381;2,381;2,381;0,50K;0,00%
07.11.2005;2,381;2,381;2,381;2,381;5,54K;-5,52%
04.11.2005;2,52;2,481;2,52;2,481;12,15K;0,00%
03.11.2005;2,52;2,56;2,56;2,52;1,26K;-0,79%
02.11.2005;2,54;2,56;2,56;2,54;14,75K;-0,78%
01.11.2005;2,56;2,56;2,56;2,56;0,76K;-0,78%
31.10.2005;2,58;2,58;2,58;2,58;12,60K;0,78%
28.10.2005;2,56;2,58;2,58;2,56;2,46K;-0,78%
27.10.2005;2,58;2,58;2,58;2,58;2,52K;-4,41%
26.10.2005;2,699;2,639;2,699;2,639;25,19K;-0,74%
25.10.2005;2,719;2,699;2,719;2,699;9,07K;1,49%
24.10.2005;2,679;2,58;2,679;2,58;6,65K;5,47%
21.10.2005;2,54;2,481;2,54;2,481;1,01K;6,68%
19.10.2005;2,381;2,381;2,381;2,381;1,01K;-1,65%
17.10.2005;2,421;2,481;2,481;2,421;2,02K;-1,63%
14.10.2005;2,461;2,421;2,461;2,421;11,79K;3,36%
13.10.2005;2,381;2,381;2,381;2,381;1,61K;-6,26%
12.10.2005;2,54;2,54;2,54;2,54;3,28K;-5,19%
11.10.2005;2,679;2,679;2,679;2,679;1,31K;3,84%
07.10.2005;2,58;2,58;2,58;2,58;1,26K;-7,13%
06.10.2005;2,778;2,778;2,778;2,778;1,26K;0,00%
04.10.2005;2,778;2,58;2,778;2,58;17,51K;3,70%
03.10.2005;2,679;2,838;2,838;2,679;4,22K;-7,53%
30.09.2005;2,897;3,116;3,116;2,897;13,64K;2,08%
29.09.2005;2,838;2,401;2,838;2,401;12,09K;30,00%
